name,latitude,longitude
대아,35.9745207645154,127.2734395180731
탑정,36.151832214626005,129.20379258224517
하동,35.8006279102739,129.3107494889155
성주,35.18268346535287,128.71142121563216
경천,36.03191588919725,127.23228763868792
백곡,36.08573224838083,128.4460434041407
경천,36.03191588919725,127.23228763868792
이동,37.11629875909785,127.19879486427097
청천,35.22753807289173,127.49849590651104
청호,34.80293901206193,126.51350356663848
고삼,37.08405079382173,127.28687693547096
불갑,35.07934691489007,126.06210323412972
오봉,37.6955384943488,128.8170513717143
맹동,36.90287294115775,127.57441815757934
옥구,35.92934067235596,126.6584084156184
수양,34.96435388278245,128.2011360498234
동상,35.94981364324492,127.2778225097498
동부,34.81218366738516,128.6237708273309
구이,35.727320386229685,127.1269227143265
달창,35.63843207783963,128.4788775304747
묘곡,36.520913538397856,129.35114931676955
오태,36.49154214765876,128.12349503937355
비룡,35.117354434905465,126.4558241884824
성곡,35.65596247011187,128.58825281790578
서부,36.12980164254807,126.69120808709474
장남,34.624272076256744,127.39762785155727
고풍,36.78767127727411,126.60193505826042
대동,35.61051836324652,128.4555200841569
금봉,36.93371766844131,128.7876293550272
수청,35.39292698830058,128.01341559080598
용당,34.69550761457854,127.2526704270656
오창,36.75082817529587,127.41292825210306
마북,36.18245786081712,129.26303641871934
상판,36.30181012987639,128.01433063885938
덕용,36.14369702693885,126.82061250061346
반산,34.64577761194484,127.29828645600593
주남,35.31238053555067,128.6804124618332
용연,35.65963022044008,128.43577091567138
보청,36.47319792513713,127.67154233800292
장치,34.91417331315695,127.0366526605979
금계,36.90516878722781,128.5248656482357
금평,35.7216261943351,127.01828688940007
삼흥,34.58296629543613,126.84490569721724
사곡,36.32234732291644,128.35294304640283
황금,34.72686287172722,126.11246133934
용암,37.84720472054839,127.04496205093189
군곡,35.88026023212991,129.0827082779999
내장,35.51508407655084,126.90220992675648
금전,34.974656970640694,126.98721381131978
덕곡,34.99624142960631,128.07325203979858
구성,36.02994205506551,128.86203044323722
하곡,35.16873925510487,128.35316193459957
칠갑,36.4391317988354,126.84836983842408
계산,35.466447750561095,126.59920974379872
계룡,36.35803773631817,127.15319846099624
마둔,36.97034528783754,127.31123694331818
복심,36.18237855934554,126.851067158135
옥계,37.618626737652605,128.9839106395275
대가,34.99932474443673,128.3079442711271
가음,36.23665359673289,128.7456028310663
추평,37.12984457360693,127.93742627462576
원창,37.801539714888975,127.7897337210716
봉학,36.08957047560737,128.5118338215312
서상,35.7127584340205,127.68286015637791
백운,34.9978682275607,127.5879112092068
거창,35.82177305574624,127.86016289047572
잠곡,38.14974740254979,127.46470710018788
도고,36.74326630243782,126.91227773119272
양촌,35.25001668076484,128.466131631479
오봉,37.6955384943488,128.8170513717143
금풍,35.38398906926795,127.2863330453423
길정,37.649597417269774,126.47497659773768
은천,36.11005703638921,129.15218887496184
물야,37.004936845287,128.73002372002287
광혜,37.00811584223595,127.42710821919708
죽전,35.36376741448538,128.13499819878226
오어,35.922817251820845,129.3738605469202
미룡,34.930729143829154,128.2846404288466
오봉,37.6955384943488,128.8170513717143
단산,36.97220231119192,128.60423271073873
도림,34.90467469269861,126.43489848212378
만운,36.60141185914941,128.57489320179312
율치,34.70419226808472,126.64043916536257
송림,36.27049619611125,128.94847764147622
입암,34.5836239481424,127.26479724700874
화장,36.29602929307961,129.16090263785009
용계,36.62364192094503,128.80456980788074
유계,35.54288666671133,128.24616527248526
가산,35.54104468802376,128.70058353364243
백산,35.84565332759151,126.89547241306984
종천,36.1138081296656,126.6576421935538
신덕,34.667403301491355,126.311564682888
마지,35.28044051563245,129.17193607296178
산수,34.88007473130414,127.54704102470232
금석,36.99047682150843,127.6136339665922
대성,37.172177166446,126.8660564279199
신림,35.469179385959926,126.71384256912036
광암,35.40139693563225,126.755660140086
옥종,35.20244913873906,127.82402551745037
의령,35.362321564926745,128.2566608732822
신송,34.63839229485896,127.2898247079387
구룡,35.48676291935271,127.7101783133396
평암,35.15020556026031,128.38565128324146
웅양,35.83068886950848,127.9310002568192
석문,35.131348013254495,126.68555708395408
임고,36.045389921330575,129.06715210814733
매월,35.28163345914427,127.20255851316284
추동,34.84767215764332,127.0360624442627
심곡,37.92166368799139,127.17092095549842
효곡,35.13143018130826,127.54122084811506
임천,34.61219565081957,126.74483137139288
성암,34.97450572251471,126.48768097040912
용연,35.65963022044008,128.43577091567138
옥계,37.618626737652605,128.9839106395275
도원,38.26899727170175,128.48234531881005
금봉,36.93371766844131,128.7876293550272
용설,37.055540168948845,127.44457447807324
죽계,35.52457276796724,127.2383918945014
방동,35.37474216563392,127.99719820713489
반계,37.29387456787404,127.77318387437217
삼기,36.718556686262886,127.62424852873863
용계,36.62364192094503,128.80456980788074
길용,35.3156957500944,126.42463489769406
무극,36.974405675723965,127.61651182582524
인정,38.310252206472654,128.4265697463765
창평,36.92188267341717,128.817735626274
화정,34.91050965829879,126.53455533253909
사천,37.78464186143085,128.78969203983175
연지,35.454634139420975,128.5281399850997
장계,37.041783986148445,127.4071385150746
중흥,36.57266291084034,127.1722719613805
송강,34.38377694745865,126.19146345608624
운암,34.74565913699879,127.88291822167426
마장,35.44644965441896,128.27769621715535
청계,35.473247137465364,128.21242248280276
풍전,36.77857061935023,126.42353357991227
하이,34.94868117322498,128.1392081152824
서산,35.29195994015721,128.37547382921844
옥녀,35.94751772540976,126.62744378987296
영천,34.69462664784999,127.07872983318308
마산,35.59379216424195,127.77123298611144
매화,37.400404430965686,126.82732257159417
수동,36.40279767035955,128.42054282107725
구시,34.48855000132716,126.55563385043992
궁유,35.43023949864244,128.21528039946492
청기,36.789641722727005,129.0664674746173
봉성,35.20725541062632,128.42920138451683
정안,36.37156117025651,127.96035026778355
묵계,35.22465493085971,127.73863758836362
용산,37.94459566581392,127.71891310303492
오남,37.69523554672351,127.22238807010808
고시,34.94696790039082,127.06993862914952
오성,35.06063446186336,127.01224559321668
옥산,35.59503222537428,128.4014563495696
만봉,34.91015331972269,126.7734492554638
대정,35.412991443989185,126.5071789731628
순흥,36.93081525962476,128.56280877904544
내산,34.76126670395688,128.01553382602884
대룡,37.744410653489496,127.87035129790137
율현,35.42127276376858,127.97197541648488
운주,34.60623341354583,126.88193875877074
봉산,35.456058368258354,128.50513146730796
중산,34.838030803966454,127.5622708175006
왕동,35.195717051084856,126.71404847281494
월곡,37.13161321292757,127.1846981973228
화산곡,35.95483108361276,129.17710772674377
송산,37.21341913359029,127.01454634460372
생곡,37.676506866473936,128.2371704872074
문수,35.21419718338837,127.52157964910351
월남,34.73233973954431,126.72236559514688
구산,35.227428736580954,126.43407189192033
봉림,34.471031956886165,126.57698273090551
청림,36.15253462395812,127.33556855467242
궁산,35.4824508715837,126.5258681439947
추풍령,36.22093717025352,128.02973980044314
월천,35.145796791910975,126.40755602631972
장현,37.72768033157328,128.89213947592347
도촌,34.73198807902508,127.15627976632229
기천,37.17211328463368,126.91177468350648
덕산,37.07711741737601,127.36414866683208
옥산,35.59503222537428,128.4014563495696
옥곡,35.99370072161483,126.825145439895
사천,37.78464186143085,128.78969203983175
진례,35.22580163336535,128.73707782585038
구만,35.62175424763426,128.64593224460305
괴목,35.919379700805834,127.7178529672336
송면,36.626694522417466,127.9075469622268
단산,36.97220231119192,128.60423271073873
고현,37.13467535140003,127.09414198672263
칠동,34.838031537688025,127.24939528042688
홍양,36.5887922306971,126.7079752651335
방산,34.45197882014974,126.70161258672876
성전,34.7344909087891,126.67864311165006
용화,38.13355348317162,127.34644841948264
서암,35.36726989928352,128.242657695654
장척,35.43408262890385,128.4934112891752
지천,35.96928199113101,128.48742211278451
갈평,36.47209307673732,129.13398635748342
송선,35.82321259658094,129.074732208745
화매,36.52229103531688,129.18683548214133
용성,35.10135809011907,126.52901224439752
소수,36.87157304926742,127.71646487537842
왕궁,35.99687850393396,127.1024648597434
복안,35.68921890602961,129.14974939758844
대가,34.99932474443673,128.3079442711271
산정,37.086230065521306,127.20371306985922
입석,35.13767457092046,126.33516572437313
장연,36.35576917835443,127.76736640698252
오로,36.17783887940444,128.53072096993515
박달,35.7389623876329,129.11340949049753
대야,35.14563430156225,126.676034003958
신동,34.38092387838502,126.19985893918792
외동,35.42690212892234,129.21364127056626
개심,36.19732442147501,127.6306434620409
덕산,37.07711741737601,127.36414866683208
도암,34.91651889524651,126.89879031557584
해평,35.96516205609564,128.09659255195973
당지,36.06638544476563,128.83834893814583
왕신,35.94346283279968,129.2913902082884
동면,36.80630788237322,129.02925964762704
사산,35.66519193014752,126.68261184448434
미산,37.13146319891549,127.25714211740193
용곡,35.880884777714364,129.11282082587792
삼산,34.4408032315985,127.04853780357396
내봉,34.55055365586719,127.20014800325652
성연,36.44346584602592,126.62636222898549
쌍봉,34.881026605432005,127.0509382039187
신창,36.75115504797285,126.5764437246898
부석,36.99411165275084,128.63548504244696
창내,35.52401498916764,126.63838610364736
천은,35.26989337185338,127.4734245245729
봉암,37.91841152796359,126.99743529893908
신양,36.623140259634766,128.55746887615348
백학,36.07296385437037,128.70020843311573
지정,34.56130115146919,126.979289196496
백천,34.999011708225105,128.0886667475963
부전,35.53075536088718,126.9165355602146
신원,34.946218229007485,126.70990549020408
남성,35.27719785558783,128.04920254496284
상신,34.64488203227706,127.3457445901849
감돈,34.88177302295684,126.47085427344088
농암,36.28246652609762,128.53781747483458
화산,37.151972553674746,127.22814186438836
명계,35.72293083059795,129.24520570211837
창림,36.22274876421592,128.39573325618042
개운,37.6503801197691,127.9523261727617
해원,34.37494867639811,126.54086400838476
대승,35.85966327723919,127.29576750632856
용곡,35.880884777714364,129.11282082587792
대룡,37.744410653489496,127.87035129790137
옥계,37.618626737652605,128.9839106395275
애당,35.574722190848235,126.81051760190124
안심,35.734628619274496,129.1471500820051
초동,35.65912686659483,127.865037163643
옥천,34.86268936371385,127.99519239873146
두량,35.1140143122488,128.12167313184997
청상,36.32611173768017,128.1492268059939
한계,36.60450510423262,127.56002101006968
덕촌,34.87944178271558,127.12689004232794
가곡,35.0138959159958,128.15958478610636
동해,34.4432864341596,126.63931808884608
화곡,37.15972746831402,127.18991463107992
고서,34.75803174555229,125.90404034405488
성곡,35.65596247011187,128.58825281790578
송단,35.196097618721666,127.17772579913309
신반월,35.75055381815667,127.4555848549655
용곡,35.880884777714364,129.11282082587792
신촌,35.1095078117693,128.04413677032582
백마,36.83767588066727,127.65691025986408
방곡,36.85081286448654,127.91785637091856
축동,35.24451116085104,126.3753111369314
오산,35.50164239463063,128.23837632261834
잠홍,36.79345269893099,126.49197257322857
모점,37.15573839671591,127.73447805810072
봉암,37.91841152796359,126.99743529893908
원당,37.9181434064121,126.98758563323663
백석,36.80269644310263,128.4556441167522
동명,35.98132114622351,128.56447918201218
천락,35.49697726788393,128.29585100514993
양지,36.361349865981055,127.91352675728082
복곡,34.77434336791302,127.98109838580204
우목,36.442361435728095,127.0078804314406
원등,35.23987552934256,127.2136156857332
송석,34.842875923048574,126.71522156860948
영동,34.4762292513306,126.81948548925986
덕산,37.07711741737601,127.36414866683208
오동,35.211223440940806,126.393663414803
회룡,35.53847383362414,128.4272773687533
도원,38.26899727170175,128.48234531881005
설악,38.12229085972581,128.54090211200236
효촌,37.87500246215437,126.96563034659545
추암,35.34455960303891,126.73468468232672
운대1,34.64228915275595,127.32669225224764
무을,36.26855518519843,128.15599284258855
대포,36.35028276707713,128.00859790213696
백운,34.9978682275607,127.5879112092068
대사,36.63990749810785,126.55124097171662
좌운,37.6410461941332,128.0339602489598
요룡,36.52938724386431,127.13882900742692
성덕,37.47178065119884,127.41573598349854
우치,34.873523613127674,126.90576505820192
대곡,34.869082252950044,127.87747993155207
고경,35.96806424888155,129.11322225256885
산남,35.3504170090854,128.17401524445978
광곡,35.75097241425663,127.17222197016464
화산,37.151972553674746,127.22814186438836
봉재,36.87381755660328,127.03003296270256
무수,36.286752050924605,128.19169148117706
둔전,34.53013190551663,126.3182760073705
원암,38.20516095140658,128.49964425203493
소향,36.00431618896318,127.28255742213116
대곡,34.869082252950044,127.87747993155207
당전,34.528591030013864,126.82826577955056
도천,35.27479994213959,128.47186108146155
천태,36.517827222419584,126.74622261574751
매산,37.347668496909634,127.26693520271516
수룡,36.75368762913618,126.23324714193414
소성,36.020487682613656,128.24047339019197
대산,34.989103712764084,128.1600458986325
화곡,37.15972746831402,127.18991463107992
소태,35.570615036130256,128.62186668210478
개천,35.36182989040078,129.27809831751173
양화,35.010786512259216,128.2869403679734
고모,37.79787713027294,127.16327017524816
노동,34.74339133037309,126.56388362010358
기사,36.44151756309459,129.1835820304356
만수,37.01936644316199,127.18574770102724
대산,34.989103712764084,128.1600458986325
연화,35.079260442415006,128.20800336942017
적량,35.10495688585198,127.75287099539838
두창,37.14765819751712,127.33744051382726
석계,35.02331056385442,128.08114087032953
감동,35.566542969211945,128.5600813799385
칠성,37.68829611168765,128.89230030083138
삼화,35.133618019422784,127.75771972030915
갈천,35.03268173464361,128.24995316739935
청용,35.174680183587185,127.85307399429392
하도,35.71681456325447,128.74407134463158
상천,37.76849421235109,127.47510215408984
봉암,37.91841152796359,126.99743529893908
월산2,35.352585250306994,126.8932823577206
개운,37.6503801197691,127.9523261727617
흑석,35.28221890683309,127.2096991298691
향양,35.549573171078855,127.85630598201011
안심,35.734628619274496,129.1471500820051
풍년,36.89594080057834,127.22555822000652
반월,37.3211338824095,126.8903212223244
와룡,34.95918914962206,128.09914841836004
기산,37.941212560268575,127.34061535078052
용평,36.07349202762028,128.06987080372406
송정,37.39097059637333,127.87828837473684
금산,34.69960595263757,126.9462395057629
육동,34.29632746890538,126.07312870912251
노홍,35.757277255407494,128.44213178761586
지정,34.56130115146919,126.979289196496
매현,36.3516308465089,129.2954495133112
대위,35.92307836285372,126.7630981051021
장산,34.64756873373471,126.16679717838102
충도,36.908791401501006,127.73060437157656
쌍정,34.47580784501046,126.27182606425336
성양,34.77585912076649,126.6415813704284
대평,37.42116390395393,127.63131213612108
신항,36.851440692802335,127.77769316970534
덕암,35.37189173364405,128.2624560031361
용담,37.18787567700247,127.30714431523714
경포,37.77990933361984,128.86156525115163
구림,34.73142586810529,126.32475127808952
장곡,35.47997958055796,128.43036027914636
양덕,37.02645179780912,127.48683254482911
창수,36.59346902112367,129.23837713357685
덕가,36.50198589459466,128.2060446289014
성송,35.3434418167695,126.65021291115984
사촌,35.221820938557016,128.35330965316413
흥업,37.28084398240084,127.90657877447596
청계,35.473247137465364,128.21242248280276
신휴,36.89156105577037,127.07575951601424
수장,35.58049903861305,128.47422075512964
송내,35.77713640071951,128.8228466991641
가천,35.12190523001908,128.28203046208532
월곡,37.13161321292757,127.1846981973228
굴운,37.73048959290644,127.96213255865548
옥실,35.17272842552164,126.37932164461104
송강,34.38377694745865,126.19146345608624
고남,36.82131821777676,126.42571713679132
보통,37.19304605938992,126.9747658322809
홍동,34.623912088761934,127.25615727742532
판곡,36.424484043115285,127.98274246128734
돈답,36.75116910752344,128.716425216255
솔기,35.29388232634504,128.02777083964304
도천,35.27479994213959,128.47186108146155
소암,36.83729726577885,127.7047877024536
도곡,35.55975336261568,128.8309441186027
용천,35.29898364960627,129.19298269918778
석포,35.61432824820042,126.6047366312477
황락,36.72048256880522,126.57365030092346
도리,35.32573957095424,128.0374570015438
담안,34.695847996319,126.99075409899343
성내,36.87744146046115,126.98475908501295
호암,36.02442103033994,128.35638301743813
초대,36.90304740091994,126.74014732555084
오원,37.43594932126459,128.10631037786413
운천,35.15823307741488,128.27214639101996
연봉2,34.669476697051074,127.35206122884088
애룡,37.826462070533786,126.85932316794694
봉곡,35.6075273841882,127.77545584819543
동방,37.14908192761808,126.8666435415082
신흥,34.61309845132938,127.30983673445807
옥계,37.618626737652605,128.9839106395275
우금,37.82763435512175,127.21178381870406
화산,37.151972553674746,127.22814186438836
대지,35.237855143923404,127.47942005532052
월악,34.69943259811367,127.37398686538587
조연,37.94708699200963,127.76883724128108
장안,36.57300325290104,128.2631198544079
장계,37.041783986148445,127.4071385150746
갈곡,34.84341288162415,127.99433241434892
석우,35.63040594493179,126.77673410877482
백암,35.1350212632779,128.25534066261542
용산,37.94459566581392,127.71891310303492
화산,37.151972553674746,127.22814186438836
석문,35.131348013254495,126.68555708395408
명관,35.23187610005158,128.33649059484785
문산,36.14311682946382,126.74666545130802
봉양,34.570817139865824,127.2287392552277
언별,37.65950005604357,128.92199645345823
손곡,37.22185479165764,127.79644786088296
벽남,35.68669359253183,127.58309761147574
복성,37.10767396058601,127.71853740862404
이곡,37.59752465044208,127.23020291433951
성내,36.87744146046115,126.98475908501295
청계,35.473247137465364,128.21242248280276
산막,36.11455828247946,127.78643110058128
업성,36.84850120352417,127.13563846538165
남사,35.90656513058395,129.140587429584
가천,35.12190523001908,128.28203046208532
우천,37.441236212223984,128.05669484666484
미포,36.58011178628625,126.3599077285552
문광,36.76750733356177,127.74876425224086
광대,34.79739696398323,125.98554965075084
용덕,37.18506391304652,127.22498312589094
냉정,38.17376160587128,127.2747794893808
장산,34.64756873373471,126.16679717838102
흥사,35.09161976415169,127.99927824049678
도촌,34.73198807902508,127.15627976632229
백석,36.80269644310263,128.4556441167522
노현,36.50178367395345,128.5981516734106
석동,35.9878403890264,129.4725848759837
율어,34.87799820740777,127.23288455250746
안덕,35.68371345676358,127.09445442586956
초당,37.3872622348783,129.20428633766525
마곡,35.355091497865324,127.39929646054256
내리,37.05476118569333,127.10868161308966
연소,34.827052854547,126.7796945399568
대안,37.2805568443565,127.87998333316484
월정,35.19743955518408,128.2052199572462
응석,35.29106298924531,128.06059723738852
봉현,34.973315508646586,128.13454335182695
가학,34.63314498373411,127.39338117718256
봉정,36.62934999490631,128.2403144009918
청웅,35.5813335448365,127.1884739065964
성지,35.90688163473384,129.28074554715235
동막,37.47540854659409,127.93438490166557
탄동,35.02994515237397,126.17827445352484
어천,37.25480055097369,126.91705270552356
동부,34.81218366738516,128.6237708273309
백마,36.83767588066727,127.65691025986408
인평,36.75951430650804,126.34739951354054
고기,35.37692485587622,127.50767960932124
신리,37.55075063415956,128.46365068958306
강진,36.15565216514835,127.96318042798612
백운,34.9978682275607,127.5879112092068
양신,35.46947106476228,127.01240363171252
오봉,37.6955384943488,128.8170513717143
온정,35.42329154632605,128.61227887343122
기산,37.941212560268575,127.34061535078052
은곡,35.70595642715056,127.03578864826676
차리,35.64014367186153,129.11261161900097
남북,36.062522089045,128.27706111711083
양촌,35.25001668076484,128.466131631479
금천,35.65846419898844,127.99440772659052
발산,35.14186690809124,128.34989120478116
화곡,37.15972746831402,127.18991463107992
노구,34.85896498093584,127.8355787248665
수락,35.351953016848825,127.4661481079688
학동,34.957013396533924,128.1891844298139
낙생,37.352121267318665,127.07543837470166
선암,35.51670500961976,129.32821557008447
삼가,35.890977402752455,127.66055246736713
학동,34.957013396533924,128.1891844298139
오류,34.53781808094714,126.33300766056742
강선,35.055923309667904,127.79494920652029
일대,35.52563828684582,127.59622168700328
대곡,34.869082252950044,127.87747993155207
대평,37.42116390395393,127.63131213612108
운남,37.18037630533894,127.91293091203448
상신,34.64488203227706,127.3457445901849
사동,35.06056165342928,127.95046753124603
옥계,37.618626737652605,128.9839106395275
수동,36.40279767035955,128.42054282107725
신동,34.38092387838502,126.19985893918792
동곡,36.14612279558333,127.54923010625544
백호,34.54979631744921,126.65001717026166
주봉,36.86670477135598,127.67653634698392
방산,34.45197882014974,126.70161258672876
화원1,34.64277607159651,126.3111049315572
방곡,36.85081286448654,127.91785637091856
금마,35.99920627603119,127.05325960437612
월매,36.21674398750126,129.01776773115208
직지,36.12959283874379,128.0178424589391
평지,36.59199918808563,128.2355953965453
황계,37.22098125817486,126.9999976529245
대장,34.59834841058804,126.08402540195829
기지,35.594244212633704,129.14443831031596
창봉,37.58105735925977,127.92185902543152
금사,37.38542129250146,127.48439302785462
옥천,34.86268936371385,127.99519239873146
가산,35.54104468802376,128.70058353364243
성산,35.063255397363505,128.18699548625875
쌍암,36.53135928002168,127.61087644257972
사정,35.402092731342606,128.04166733465357
광덕,36.45548574458663,128.34842364096295
강사,36.03167524560723,129.57180482644998
서산,35.29195994015721,128.37547382921844
어옥,35.31606163760058,128.133284941385
점곡,36.44252174856262,128.79071330895556
송평,34.43984783660829,126.47690677401704
예전,35.367326277631925,126.53564945468275
외선미,36.76110800269558,129.32475605260515
서창,34.72905257138428,126.52723539029934
성남,35.6415872317052,127.37538284462752
송당,36.27771310927119,127.1114740900172
내태,35.9159258728369,129.15448758566345
수철,36.17719018042831,126.82970256757058
신풍,36.54711511792319,128.4270459805391
성산,35.063255397363505,128.18699548625875
척정,35.02720178783421,128.29771620444586
동향,35.30159132634393,128.09413953845052
학정,35.49409803607549,127.2248505122371
냉정,38.17376160587128,127.2747794893808
월가,34.49472438296563,126.2894056023188
신창,36.75115504797285,126.5764437246898
호민,36.565799778451535,128.514057484818
인담,35.105235047676715,128.1686598038534
용암,37.84720472054839,127.04496205093189
백록,36.62195243328001,129.39675457915789
중화,35.74336013041089,128.25313771936834
용암,37.84720472054839,127.04496205093189
수성,34.49545325156412,126.2469207622073
대덕,35.537105648587,127.71354864432188
용진,35.90331687857943,127.19900257087156
강정,34.58318311318581,126.68862609444976
유계,35.54288666671133,128.24616527248526
신방,35.7539320963645,128.7844739370948
우산,36.261801493864034,128.21112131702668
개암,35.660121589684955,126.6602170848588
행정,35.38538026498797,128.17304011991345
연죽,34.821533015689305,127.86676482633538
매곡,36.2888257916275,128.8177256601831
동백,37.28988631452331,127.16298091443883
대정,35.412991443989185,126.5071789731628
속곡,36.47449047496889,129.2582429650034
대도,35.06907439528212,126.6224502989395
달서,36.03422436833315,128.48262594860813
매원,35.996803267628735,128.4503441374318
덕중,34.50899937520493,127.34546409495437
화성,36.33630760303684,126.75399915872232
용풍,37.12438307048233,127.59108582071096
연화,35.079260442415006,128.20800336942017
추동,34.84767215764332,127.0360624442627
장전,36.27043748478734,128.98141854328165
장군,37.076088311582815,127.62989987744204
심동,34.611603143142986,126.32527910557997
대보,36.06155753026437,129.55708208495963
도척,37.28617282682378,127.30923790496789
동교,37.85000344914203,127.1238277974482
하분,34.477419143879224,126.85232467494473
김전,35.72794682142029,128.85071638294727
오방,35.30278415769847,128.1199328552105
달전,35.2821888296528,128.4948371980911
금반,35.224936457550946,127.24172268028504
가곡,35.0138959159958,128.15958478610636
달성,35.43344439816385,126.79055623354272
덕곡,34.99624142960631,128.07325203979858
금사,37.38542129250146,127.48439302785462
주항,36.1573685659524,126.56627926427822
천망,34.44830967913351,126.24604629087035
중리,37.12642681813776,127.23948115454478
신풍,36.54711511792319,128.4270459805391
유곡,35.44194262507119,128.30822792416723
모암,35.37369247813222,126.75252572164744
매전,36.81625039621249,127.8820570893932
수산,33.47151570779374,126.3879867923456
청림,36.15253462395812,127.33556855467242
장수,35.4329238003182,127.96020540126506
석천,34.92497296210283,126.55924085561472
칠성,37.68829611168765,128.89230030083138
모화,35.69144932495967,129.34851597200927
하동,35.8006279102739,129.3107494889155
반곡,37.47353129441079,127.95327345932192
청량,37.65916137012567,128.22281055637782
금계,36.90516878722781,128.5248656482357
운암,34.74565913699879,127.88291822167426
금주,37.975036666090354,127.26989074536355
진죽,36.45137833302645,126.57746034216102
강천,35.14078291049766,126.59185363785927
남산,35.43182971180772,128.73275274580357
월평,35.47157186727252,127.7132177610291
금동,34.983588529209364,126.1552073758585
강운,35.09720965469511,126.55036647020664
성산,35.063255397363505,128.18699548625875
농암,36.28246652609762,128.53781747483458
사천,37.78464186143085,128.78969203983175
연보,34.83579108982811,126.7449071634794
불모산,35.18666802802262,128.72425032611457
이담,36.85590962170928,127.87981152892552
기산,37.941212560268575,127.34061535078052
상오안,37.64018147994991,127.81744555277255
명주,34.55430064275147,126.8601602521444
지산,35.67663656747532,127.984056448706
평촌,35.18773047438433,128.32480143980064
신평,37.3905310896485,127.89085110596986
송림,36.27049619611125,128.94847764147622
구룡,35.48676291935271,127.7101783133396
노티,36.513657794106045,127.66930764484424
칠성,37.68829611168765,128.89230030083138
매산,37.347668496909634,127.26693520271516
죽청,34.581493920287215,126.97251119950482
우곡,35.360735995224815,128.23818722426748
봉덕,34.54822642297222,127.34577974817056
모령,34.63790685026938,126.97411929571196
취병,37.32367783307865,127.789987839108
백록,36.62195243328001,129.39675457915789
오산,35.50164239463063,128.23837632261834
입장,36.9071006840088,127.24743650622942
신학,35.298552205974715,127.42205097770044
비룡담,37.18747646932613,128.20348422065095
만년,37.19794353596051,127.00088202470502
노단이,35.52515141525221,128.56914199318413
죽산,35.566153469882295,127.84024740656534
상천,37.76849421235109,127.47510215408984
효천,36.46221278028996,128.3683428693288
만수,37.01936644316199,127.18574770102724
연경,35.96560963746913,128.61210206893324
승월,34.637548588378955,127.76672262133852
반곡,37.47353129441079,127.95327345932192
화죽,34.71807612385584,127.11070580461212
백암,35.1350212632779,128.25534066261542
상항,35.55210689438113,128.67925502783012
황령,36.535049388739935,128.01969111052907
우본,36.628360563361866,128.28713274247997
어은,37.44006380448896,127.6015507358594
원수,36.02354863885735,127.091344103503
모월,36.71308067165658,126.44354717468256
화원2,34.65093814357043,126.28434094256184
삼산,34.4408032315985,127.04853780357396
봉학,36.08957047560737,128.5118338215312
답천,35.15258170495156,128.2899429445831
봉산,35.456058368258354,128.50513146730796
기동,34.68164194421049,127.32777381546396
월성,35.33655264377245,126.86467315918952
도기,36.86480186060214,128.22434921036063
발랑,37.80687927443497,126.90500931979705
율곡,35.64133738637057,128.1803946052765
부곡,37.32720101419815,128.06337475581682
청계,35.473247137465364,128.21242248280276
대현,35.50230057849551,127.9126408789574
대도,35.06907439528212,126.6224502989395
상암,34.743893400464046,125.93003423377743
부안,34.52330212320865,126.94271258674593
옥관,36.32156834111511,128.24859749577118
관춘,34.57562443981636,126.3892212840625
덕곡,34.99624142960631,128.07325203979858
냉천,34.877816948551136,126.70412315179104
전대,36.37897736419722,128.8101328834674
범화,36.09206024825364,127.7310377657412
수야,35.682077042123275,128.6471075710197
용궁,35.09955620535545,128.2902758207099
칠곡,37.04743252463844,127.1539700057536
정석,35.288999196283406,127.08345036975103
대산,34.989103712764084,128.1600458986325
용연,35.65963022044008,128.43577091567138
춘동,34.70044024635496,126.55278281559404
진봉,34.92093576869689,127.09470161027052
서대,34.87892663784209,127.9883659304803
동촌,34.5774607031414,126.96750195008026
원부,37.1495571668872,127.65669590415465
임수,34.695690422432115,127.0020045133691
월계,35.03087230544461,127.39883223005435
청용,35.174680183587185,127.85307399429392
오성,35.06063446186336,127.01224559321668
화동,37.70838031314369,127.86225984359967
두산,37.54204822101325,127.15187899906532
명곡,35.52356787549568,128.27622694748754
황둔,37.24401737797507,128.1972648139349
용치,35.008505853910734,128.07708568317904
요고,35.571351692721535,128.65804190260377
사촌,35.221820938557016,128.35330965316413
조박,35.9812424345748,129.3502941362867
산정,37.086230065521306,127.20371306985922
문암,35.189187851351726,126.61033198894326
구계,35.45958840105745,128.5471328813836
봉양,34.570817139865824,127.2287392552277
평정,36.55675501186714,127.08085990436182
보미,36.36505056778443,127.92001349632544
월곡,37.13161321292757,127.1846981973228
감물,35.46303841747424,128.8735552430184
매산,37.347668496909634,127.26693520271516
삼봉,34.96133427696935,128.22651030331005
오산,35.50164239463063,128.23837632261834
유유,35.635471106529444,126.50853069797613
지내,37.94391974754836,127.73063139663552
대룡,37.744410653489496,127.87035129790137
권이,35.85681945846879,129.43577987120105
입곡,35.267461444842915,128.44496191024646
선고,36.89105789406639,128.1935620875884
죽산,35.566153469882295,127.84024740656534
고산,37.46841429265397,127.91905139970818
운곡,35.31846648474219,128.4600670016658
도원,38.26899727170175,128.48234531881005
선동,35.11851111174563,128.32359611706218
하산,34.72966940628585,126.96632855234353
작천,34.68378576002138,126.78256096703292
칠곡,37.04743252463844,127.1539700057536
노안1,35.08581475766415,126.70741391724052
삼산,34.4408032315985,127.04853780357396
운호,35.60531621090934,126.5504900086714
삼덕,35.0951906916582,128.38027801768962
신정,35.2401433272431,126.54640087576422
품산,35.84725279823462,129.08613460349832
오방,35.30278415769847,128.1199328552105
감동,35.566542969211945,128.5600813799385
정자,35.60779807638134,129.41000727698614
천곡2,35.349546654598235,128.1364828180232
진목,35.58964873420202,127.87540614920614
월평,35.47157186727252,127.7132177610291
가천,35.12190523001908,128.28203046208532
하당,36.90955564094549,127.6675919204436
영마,35.27229976202692,126.58451524942448
중리,37.12642681813776,127.23948115454478
손항,35.43521805317099,127.98177750587148
입실,35.72099574540229,129.3566681401577
가수,35.31329869527404,128.18885662273817
월정,35.19743955518408,128.2052199572462
자산,35.96623135603965,128.21560173791087
하도,35.71681456325447,128.74407134463158
월랑,34.90639817716053,126.66518060408984
백운,34.9978682275607,127.5879112092068
금성,34.93562223348501,126.5930552978388
용산,37.94459566581392,127.71891310303492
송정,37.39097059637333,127.87828837473684
연제,36.62912966636574,127.32191443751375
공암,35.53450676146356,129.09560346998552
누교,36.16752417579606,127.6248757721704
월성,35.33655264377245,126.86467315918952
용봉,35.10489842012839,127.31719500572764
매정,36.79635611283334,128.79695461076471
오산,35.50164239463063,128.23837632261834
연화,35.079260442415006,128.20800336942017
맥포,34.839227880964856,126.46350353771057
박석,36.4949401291935,127.77450920045436
제산,34.790518460982526,126.9425274493958
중촌,35.43448051020981,128.17551421802492
대방,35.400989721530415,126.95993513637362
석계,35.02331056385442,128.08114087032953
갈전,35.275617688508504,128.46305382145292
노치,35.1458408054752,127.16852070796416
덕림,35.38691961307898,126.60386320765616
대맥,36.73182773709237,128.55948451901074
상대,34.57270633753648,127.32181704397198
금강,35.81354822157694,129.21905689198655
유학,36.07084471886483,128.4486638375123
월티,36.38345916808933,126.70040829044108
청용,35.174680183587185,127.85307399429392
용곡,35.880884777714364,129.11282082587792
미야,34.3836687715238,126.51334229034526
대암,35.53968110616822,128.20423681619897
화양,35.470366872488654,126.91127190790236
금성,34.93562223348501,126.5930552978388
방광,35.2547336328909,127.46225858938844
옥성,36.274198959843154,128.24579610148757
심천,35.97914972400037,128.51520955862935
덕곡,34.99624142960631,128.07325203979858
서하,35.61327999446588,127.67420472830118
유신,37.0506097928938,127.62045670365478
금지,34.887869313728544,126.62773058714498
서랑,37.17244427852639,127.01444394035056
횡계,36.11821961677703,128.96085011613317
봉대,35.20156007540572,128.26797466441332
수양,34.96435388278245,128.2011360498234
유치,37.577967441035575,127.85184481050467
노천,37.69334934798594,128.02361130498394
임화,36.09713069368779,127.24060143563857
불암,36.16633303705096,128.54874086505544
대복,34.61035763621758,127.7529259180238
신,35.5794676680025,126.69935757952392
불목,34.387285475746616,126.6880505595533
내정,35.40286841089219,127.929713904223
신촌,35.1095078117693,128.04413677032582
송풍,35.97294404181299,127.50725183406534
동림,34.872188156400746,128.59310367193956
고현,37.13467535140003,127.09414198672263
장동,35.959322754746616,129.34514659946373
신암,37.91995032413831,126.96565984683188
용흥,34.535598965712595,126.74253410820792
남산,35.43182971180772,128.73275274580357
미후,34.52750117630123,127.3420780934814
평호,35.05616115191834,126.50606597188668
송악,36.87894694904189,126.69598264089258
사자,34.77114568082108,126.72608291358382
연장,35.78467119642942,127.38900374409091
서포,37.22374826276706,126.12408933742982
어촌,36.137761642202506,127.98321727536091
산호,36.23042288035566,128.5084856245102
운암,34.74565913699879,127.88291822167426
외촌,35.47145252787955,128.55042427445704
원당,37.9181434064121,126.98758563323663
저동,35.15759877542338,128.23265628437926
상송,36.274302646594094,128.16337723599207
심원,35.70446797131919,129.0190134984808
정산,37.19332288301242,127.79918858848264
탑곡,35.420022141467705,129.19484221247237
궁항,35.889657009581335,127.34096378933668
화산,37.151972553674746,127.22814186438836
목동,35.46485227691011,128.1684716849691
국전,35.463078899801154,128.90131050195427
남포,35.63862665878624,126.67067068408168
산남,35.3504170090854,128.17401524445978
마정,36.87634056982499,127.10293158390158
덕천,35.44534197982918,128.32400797068155
봉산,35.456058368258354,128.50513146730796
구상,35.00514447006354,127.5454774119894
금정,37.02577094382728,127.57475928435034
수동,36.40279767035955,128.42054282107725
용암,37.84720472054839,127.04496205093189
남치,34.90485249340016,127.88656407049064
내연,34.388837691353444,126.1531782781879
백학,36.07296385437037,128.70020843311573
연덕,35.522351482130496,127.6722820979184
대천,35.45760788577158,127.74872433254347
거제,34.855926715622275,128.60140754453465
상가,34.53591004190395,126.63864926211856
신촌,35.1095078117693,128.04413677032582
장전,36.27043748478734,128.98141854328165
두봉,36.64123862685944,128.3061066538529
삼방,36.34524182481613,127.8507628998716
길곡,35.42497139950525,128.56806340605914
월송,34.677202839882945,127.37065035587965
호동,34.782023095528885,126.66390761887514
송현,34.93163153264394,126.43777824207048
이동,37.11629875909785,127.19879486427097
강정,34.58318311318581,126.68862609444976
우동,34.926400763683404,128.39927549325503
의동,36.328459245849125,127.84135755415468
용암,37.84720472054839,127.04496205093189
한곡,36.05375986878055,128.9011552944377
서마,35.47512445912784,126.94588753018718
한곡,36.05375986878055,128.9011552944377
초동,35.65912686659483,127.865037163643
숭암,36.18334949191244,127.49341332929404
대현,35.50230057849551,127.9126408789574
건등,37.31440600568843,127.83636712515568
명경,36.256206797976255,127.5083231961286
상미,35.34162652961025,128.14988498022882
연,36.39471556998687,128.42903355840582
신암,37.91995032413831,126.96565984683188
만년,37.19794353596051,127.00088202470502
광평,36.10034365759397,127.62552199393184
고잔,37.30259761266833,126.82287274599342
대산,34.989103712764084,128.1600458986325
비봉,36.02014593807004,127.1728857925277
오성,35.06063446186336,127.01224559321668
신구,35.48229177784441,128.45906811115327
신방,35.7539320963645,128.7844739370948
상용,34.634886920538186,126.16165581997303
화암,35.07785667446152,128.10235266102538
사암,34.97782673785721,126.59814645737998
대곡,34.869082252950044,127.87747993155207
운수,37.02354188045721,127.16489818867358
용산,37.94459566581392,127.71891310303492
송라,37.28274860703803,126.90343808809128
오사,35.01081122366184,127.75273505866978
유암,37.12644997994095,128.25024490501596
매곡,36.2888257916275,128.8177256601831
신금,34.982420381229566,127.7074825610388
등암,34.59293823126242,127.26323548328578
화산,37.151972553674746,127.22814186438836
학동,34.957013396533924,128.1891844298139
월흥,34.92384526071768,128.1628323506299
금단,34.94328618869455,128.18488885740862
오기,36.73296956335982,129.19931101074002
화림,36.30495483496965,128.08489169029386
가봉,35.124768675331055,128.22267936221067
동암,36.84890938500693,127.04461971929764
영동,34.4762292513306,126.81948548925986
부야,35.67021555775426,128.78413948699205
도남,35.966909527638855,128.58868802388338
미전,36.30039024118646,127.82641414967844
송전,35.06746205776274,127.97217479127856
노상,35.70535791694745,127.7180470943476
용봉,35.10489842012839,127.31719500572764
송월,34.71444255842048,126.69744092364212
죽촌,36.19028169574076,127.64431124655614
서곡,37.29123384478796,127.94407404632156
목미,37.13696755269488,127.73612128203338
도곡,35.55975336261568,128.8309441186027
두만,36.02617902737771,128.34802028386306
양전,35.42176435115424,127.69160088631462
죽림,35.24832213688195,128.43882038422876
아산,34.84524669119539,127.88727628517636
척과,35.64214464787349,129.25956929675027
지산,35.67663656747532,127.984056448706
송원,35.03551163860426,127.9120783506972
남성,35.27719785558783,128.04920254496284
과림,37.45168493691362,126.82664566188284
도촌,34.73198807902508,127.15627976632229
장곡,35.47997958055796,128.43036027914636
하눌,36.88223430427265,128.78599858547446
방내,34.65271312606181,127.45942773238856
입사,35.41724787273254,128.23082424301737
대현,35.50230057849551,127.9126408789574
신성,34.883047156574285,127.14262075174268
사동,35.06056165342928,127.95046753124603
교동,35.509890649888604,126.76414011238307
송곡,35.13560077362145,128.20346234204197
대천,35.45760788577158,127.74872433254347
두곡,35.56160719722217,128.6107019280583
강정,34.58318311318581,126.68862609444976
용현,36.18265384364715,128.48875702673297
동산,36.34399486239816,128.0000082912425
옥금,36.05777595657975,127.06945702803328
월암,35.31825071036024,128.16751072628122
추곡,35.16121495089418,128.4847339324494
마흘,35.483791245838304,128.70939944641657
사봉,35.20954323517592,128.31390879586803
신한,34.71756043082928,126.53854567374924
수철,36.17719018042831,126.82970256757058
남계,35.51159736618027,128.79416158080133
일봉,34.932772308497896,127.1165663643138
홍곡,35.29956431213593,126.39301285302756
노방,36.05285504816906,128.91835160235442
무곡,35.517459952765215,128.19634161251875
내의,36.284935507105104,128.50736473258473
마룡,36.65337979914586,126.37363340002727
운천,35.15823307741488,128.27214639101996
대박,36.44938731086189,126.9284510481078
회동,35.25655747643174,129.11284665630265
용포,34.974791036205914,127.78442395477904
송정,37.39097059637333,127.87828837473684
대아,35.9745207645154,127.2734395180731
문동,34.85718018889861,128.65466239497314
장흥,35.377146135792074,129.12859593306786
탑정,36.151832214626005,129.20379258224517
송전,35.06746205776274,127.97217479127856
수정,35.662553701924416,129.15667734701103
운강,35.231032284367835,127.16571410840592
신전,35.411588239661945,128.46756722690955
상가,34.53591004190395,126.63864926211856
운산,36.93820111490437,126.47651669725607
기동,34.68164194421049,127.32777381546396
마이,37.02900261511578,127.49557780582408
용전,35.30629983753357,128.7511856564075
대곡,34.869082252950044,127.87747993155207
대곡,34.869082252950044,127.87747993155207
목교,35.107815620503274,126.47545507058864
성대,36.934794050020514,127.35155138992954
창평,36.92188267341717,128.817735626274
인덕,36.16767637139605,128.46598148708645
미산,37.13146319891549,127.25714211740193
속초,37.671537839698765,127.98599424033256
공안,35.401178323520455,127.53202753178016
인보,35.64908239896294,129.13783375586158
광천,36.65763979162246,126.60044609480276
백곡,36.08573224838083,128.4460434041407
수부,36.27426820557556,126.62921685192973
도덕,34.564291088760186,127.1755788941606
구내,35.222822827525256,126.35297039369662
연호,34.59340955287885,126.4866631082636
온정,35.42329154632605,128.61227887343122
유동,35.45239413613542,128.4757976147327
무선,34.984068433891615,128.22212326720594
사창,37.109196410431885,126.92057434655162
성만,35.413376226749975,128.69936498790602
차사,34.99988876793262,127.73771833963325
연봉1,34.64994404641391,127.35875194345392
월암,35.31825071036024,128.16751072628122
대동,35.61051836324652,128.4555200841569
남방,37.7778703090315,127.01868651782014
지곡,37.23147917382807,127.13577411487482
지곡,37.23147917382807,127.13577411487482
가평,35.48107776428859,126.75774532759375
용정,37.71924452928385,126.7590466085298
아암,36.06901662266818,127.69997022258684
공배,35.55827106202665,127.76300069641805
지내,37.94391974754836,127.73063139663552
송암,35.235199998912975,126.33880898008464
구룡,35.48676291935271,127.7101783133396
청계,35.473247137465364,128.21242248280276
송곡,35.13560077362145,128.20346234204197
화원3,34.6522637271502,126.27531395988318
일월,37.28944325704878,126.97103550671709
무릉,35.66322267615384,127.9464332859686
사점,36.47333539210733,126.81869587203452
천상,35.5500123405906,129.216648586067
학서,36.094975823501,128.45697685334878
신풍,36.54711511792319,128.4270459805391
월평,35.47157186727252,127.7132177610291
평산,35.024207048152554,126.45203360262174
옥계,37.618626737652605,128.9839106395275
용정,37.71924452928385,126.7590466085298
어은,37.44006380448896,127.6015507358594
오궁,35.69721581020025,127.22541973617258
인덕,36.16767637139605,128.46598148708645
대흥,35.30489337349712,126.4439882708882
고야,34.4487586838915,126.16907589036124
냉정,38.17376160587128,127.2747794893808
대야,35.14563430156225,126.676034003958
학동,34.957013396533924,128.1891844298139
방춘,34.66006343045759,126.6365005278726
버들,37.12874485019053,126.83198642999965
구례,35.090183055787264,128.24967768509785
설매,35.28314109938747,128.17240751843792
진안,36.51947969020912,129.0474927391501
한실,35.46651035915746,128.20203176825754
낙덕,35.440593152266565,126.9656688625885
용면,37.29744335198852,127.36601268358268
구암,35.08454885249792,128.1250873300269
성동,34.985691807106704,126.48231024673572
우습,34.94052164751646,126.57805222998006
지포,36.45013447064234,126.36762906481196
신풍,36.54711511792319,128.4270459805391
대덕,35.537105648587,127.71354864432188
반곡,37.47353129441079,127.95327345932192
다정,34.807227056282535,127.91968367002612
관덕,34.91733483478244,128.3791415590495
창기,36.598511170031294,126.34230985175144
칠곡,37.04743252463844,127.1539700057536
연화,35.079260442415006,128.20800336942017
덕곡,34.99624142960631,128.07325203979858
백동,37.56049364504563,127.68703073762924
팔영,34.630201920012325,127.40916729130156
태간,34.860332261746386,126.61170680506986
원산,34.938296685563714,128.36649396174795
다개,35.61844913383093,129.10992405745122
운암,34.74565913699879,127.88291822167426
서양,35.29868377519053,126.71307863289628
계촌,37.45792620741469,128.28086075324242
백련,34.588041900853824,127.2847318897646
부연,36.956843883999646,127.84396278009872
웅동,34.87142697731273,127.11620785653022
반곡,37.47353129441079,127.95327345932192
지수,35.22088239955356,128.28610104652554
실업,36.34433074307459,128.79091106239542
가동,35.03816535138249,128.31345783059314
마산,35.59379216424195,127.77123298611144
용수,37.648336844512976,127.73134540367629
남양,34.96939795452521,128.07070462986638
장안,36.57300325290104,128.2631198544079
개정,35.61919854683578,127.52030424952028
용지,34.410448383326326,126.79616831576598
백련,34.588041900853824,127.2847318897646
창평,36.92188267341717,128.817735626274
영수,36.83538921934091,127.59431031423416
남양,34.96939795452521,128.07070462986638
운대,34.628227685618604,127.31247147557598
천마,36.09911623340873,129.39734011563704
주을,35.83494843045407,128.44094300713772
남정,36.35442426584528,129.3547294573443
지촌,36.10942703438494,127.7557964437465
고산,37.46841429265397,127.91905139970818
서가정,35.4943233464848,128.58491727296789
광암,35.40139693563225,126.755660140086
부제,35.78430385413549,128.88205054377158
화봉,37.0593953455653,127.47510061859504
동림,34.872188156400746,128.59310367193956
모정,34.77655415997049,126.61636161815112
황산,35.77405718433516,127.83810114193496
보림,36.64905459973722,129.25268847927822
대동,35.61051836324652,128.4555200841569
입곡,35.267461444842915,128.44496191024646
용정,37.71924452928385,126.7590466085298
청용,35.174680183587185,127.85307399429392
선동,35.11851111174563,128.32359611706218
삼청,36.26355364124274,127.57574088484608
용전,35.30629983753357,128.7511856564075
구례,35.090183055787264,128.24967768509785
오상,36.4349350232746,128.27347465314585
노곡,37.106279527008695,127.25507120172084
시동,37.57699133721674,127.84494113498036
반성,35.1415302530278,128.2898622639628
매화,37.400404430965686,126.82732257159417
신평,37.3905310896485,127.89085110596986
송산,37.21341913359029,127.01454634460372
학림,34.6517624061293,127.2570334766784
남계,35.51159736618027,128.79416158080133
신기,37.21995022850368,127.19156953620832
장산,34.64756873373471,126.16679717838102
송현,34.93163153264394,126.43777824207048
부흥,36.29479562868001,129.35964224591532
봉암,37.91841152796359,126.99743529893908
삼춘,36.42660930657448,128.58363140329465
사양,34.801251479699765,126.49860134043855
백운,34.9978682275607,127.5879112092068
봉계1,34.78824767518791,127.67634697168668
연구,34.62707703418265,126.54337705989973
청수,35.0468272847595,126.56162135275147
부곡,37.32720101419815,128.06337475581682
지장,36.14680096697303,129.3527506406621
반곡,37.47353129441079,127.95327345932192
하곡,35.16873925510487,128.35316193459957
가례,35.48362162107131,128.59725440684915
어두,35.7632997553382,127.19349491521814
장수,35.4329238003182,127.96020540126506
동방,37.14908192761808,126.8666435415082
욱수,35.80842823302987,128.70631373347584
주교1,34.74502931329146,127.35935953707482
안정,34.946444756905386,128.40502998458228
복곡,34.77434336791302,127.98109838580204
덕촌2,34.98973658200665,128.36156356234173
적성,36.97129766886586,128.27845861938067
괴정,35.25983980236962,127.20285291889518
연동,34.58643225982093,126.0323477377362
고이,35.06176156008331,127.89730856413676
오정,36.15292779001083,127.66589030313123
오룡,35.602149531076805,129.1274211749843
축산,35.99327909285345,126.84782640051144
신덕,34.667403301491355,126.311564682888
백학,36.07296385437037,128.70020843311573
마전,37.37391093673436,126.77146100792264
호덕,34.52267407388131,127.30979177619864
조화,34.88052997152055,127.58300887010492
월산,37.4713607588148,127.65188103965244
천마,36.09911623340873,129.39734011563704
상마북,36.20077813298337,129.23751798786884
대방,35.400989721530415,126.95993513637362
이곡,37.59752465044208,127.23020291433951
문방,36.854382393831855,126.86571084002648
강천,35.14078291049766,126.59185363785927
신월,35.23716445874524,128.73418831294174
삼봉,34.96133427696935,128.22651030331005
운곡1,35.279520018667526,127.0975507962172
용제,36.19572059572016,126.6209827893927
용소,35.782015462505015,128.35662144531926
산대,36.006942188615724,129.18967360797205
풍정,35.071974164488005,128.12019598713673
우산,36.261801493864034,128.21112131702668
마산,35.59379216424195,127.77123298611144
황길,34.921389018989,127.64257715230956
성암,34.97450572251471,126.48768097040912
모고,35.44192146019133,127.89604306173683
학정,35.49409803607549,127.2248505122371
봉산,35.456058368258354,128.50513146730796
황산,35.77405718433516,127.83810114193496
기일,36.170316234285664,129.23340382188837
미인치,34.56563588639469,127.26306130785731
반월,37.3211338824095,126.8903212223244
백포,34.448056843563286,126.51648140850794
대방,35.400989721530415,126.95993513637362
평리,36.272679653270494,126.6451633147236
삼천,34.82297933795847,126.51313744757265
삼율,36.69225334051709,129.43058458285503
한치,35.23119994903568,128.0636978319408
입남,36.040710231809605,126.89075362256555
사계,37.0216867780681,127.5495296651128
인평,36.75951430650804,126.34739951354054
유곡,35.44194262507119,128.30822792416723
혈곡,35.246758462408884,128.38955084832463
순흥,36.93081525962476,128.56280877904544
빅실,35.241700004331456,128.02489374540937
사암,34.97782673785721,126.59814645737998
신두2호,36.83376257092271,126.21809291574084
금덕,35.74781673879828,127.58524631862326
동외,34.479105672077395,126.27781101829882
신리,37.55075063415956,128.46365068958306
매곡,36.2888257916275,128.8177256601831
방송,35.172875547929905,127.26385242097491
대석,35.38813811036273,129.07065743048068
장천,35.818018582695586,129.1075478408018
용문,35.01227979871873,128.41387808789344
죽청,34.581493920287215,126.97251119950482
매주,36.90934670277153,127.13877607121186
고성,34.49217465096209,126.31855510084196
용암,37.84720472054839,127.04496205093189
월곡,37.13161321292757,127.1846981973228
문수,35.21419718338837,127.52157964910351
장저울,37.00821233214426,127.7784950858447
내금,34.82032937339003,127.89745476097164
도인,35.642563791409195,127.3232688373607
병정,35.414083624720845,127.90674736447129
상미,35.34162652961025,128.14988498022882
내령,35.43667687021467,127.28049239379332
십이리,35.61099871454815,128.46931354006065
중도,34.307609699507665,126.72753873984762
봉호,34.84459794010193,126.61213292225196
죽림,35.24832213688195,128.43882038422876
창유,34.2993219831272,126.04530772190346
안치,34.49095757576314,126.18573684636482
칠성,37.68829611168765,128.89230030083138
송천,36.08122749900598,126.90674837588908
우음,35.21461620985303,127.21940592321168
소래,37.44566459310357,126.8062787017764
원동,37.14451369755393,127.0916568292442
지동,36.18153341170442,127.46037695316502
병산,37.4878390227058,127.46077923714503
추계,35.02177708189839,128.2290649203639
무창,35.63556783453336,127.91165407715138
연화,35.079260442415006,128.20800336942017
영풍,34.76357303544376,126.56603437473515
장기,35.59204786252377,128.4807743322272
온동,36.956191939518085,126.55573472386553
의평,36.381657190829074,126.6660491221132
명도,35.22434850668773,126.39690456749166
추동,34.84767215764332,127.0360624442627
백운,34.9978682275607,127.5879112092068
화전,35.50901564466278,128.4975283025993
사촌,35.221820938557016,128.35330965316413
신리,37.55075063415956,128.46365068958306
신봉,36.89371141350818,127.0024501670774
성만,35.413376226749975,128.69936498790602
갈망골,36.50747391432752,126.77559442181725
지산,35.67663656747532,127.984056448706
대동,35.61051836324652,128.4555200841569
큰골,35.55452544221941,128.21738630227568
복용,34.993052094326785,126.4924923128942
조감,34.84066055162473,126.66102671374672
구산,35.227428736580954,126.43407189192033
중평,35.71192666246783,127.35573875299563
청수,35.0468272847595,126.56162135275147
용산,37.94459566581392,127.71891310303492
미암,34.69574039384511,126.60316136700423
용천,35.29898364960627,129.19298269918778
오곡,35.2090130719031,128.37505763043106
대안,37.2805568443565,127.87998333316484
단평,35.63443771781222,127.48445830746688
사계,37.0216867780681,127.5495296651128
백석,36.80269644310263,128.4556441167522
운대,34.628227685618604,127.31247147557598
금평,35.7216261943351,127.01828688940007
갈곡,34.84341288162415,127.99433241434892
도평,34.50775824159252,126.32544097291114
송림,36.27049619611125,128.94847764147622
용동,34.8267805236607,126.6601024002916
삼합,37.19876520432214,127.72637807408798
남창,34.407998020878324,126.6075377258454
덕천,35.44534197982918,128.32400797068155
구봉,35.359170154068124,126.7859868930962
학동,34.957013396533924,128.1891844298139
송고,35.53862709414264,128.48126980172856
명덕,35.54594660082758,128.49905020070284
사창,37.109196410431885,126.92057434655162
고라,35.40965408918446,126.56893343802676
구암,35.08454885249792,128.1250873300269
안평,35.25000707118716,129.18367447702596
우두,34.39503061297471,126.87561693040986
신원,34.946218229007485,126.70990549020408
성당,35.474727584347576,128.51411964947067
아곡,37.13180598058084,127.41725056852351
차당,35.98698104205723,129.06166346517284
산정,37.086230065521306,127.20371306985922
지향,33.3922496966492,126.27991999442987
신양,36.623140259634766,128.55746887615348
백계,34.831740198427106,126.705161856215
종산2,36.61984525580366,128.45958176522157
신정,35.2401433272431,126.54640087576422
금계,36.90516878722781,128.5248656482357
석교,35.09417939007591,126.65748256665488
잔드리,35.02352230463991,127.97529688709795
용성,35.10135809011907,126.52901224439752
봉림,34.471031956886165,126.57698273090551
내리,37.05476118569333,127.10868161308966
화전,35.50901564466278,128.4975283025993
봉대,35.20156007540572,128.26797466441332
단석,37.40262427929387,127.73761381688249
방화,36.56945269002027,128.38991159210417
장안,36.57300325290104,128.2631198544079
금곡,35.095362283951886,128.15983770757916
가곡,35.0138959159958,128.15958478610636
오서,35.095825396541365,128.4010541083581
용성,35.10135809011907,126.52901224439752
용덕,37.18506391304652,127.22498312589094
황산,35.77405718433516,127.83810114193496
만수,37.01936644316199,127.18574770102724
움골,37.599139626326334,128.52415030733724
신위양,35.55478903565637,128.71283773809782
군상,35.801563067088615,127.41479356517772
고척,37.289100304646425,127.38331306369506
신송,34.63839229485896,127.2898247079387
구룡,35.48676291935271,127.7101783133396
백곡,36.08573224838083,128.4460434041407
월포,34.70631705977371,125.92046175378928
도야,34.69920191886396,127.3389605007396
가장,35.5710712464219,129.19816152663967
매향,36.49577157836219,126.53703461149074
품평,34.90885178683069,127.00259331427948
산정,37.086230065521306,127.20371306985922
방한,36.46338325912926,126.74825325245035
신포,34.71079090605444,126.54341061083429
우슬,34.56935704658488,126.61446363507925
대곡,34.869082252950044,127.87747993155207
봉암,37.91841152796359,126.99743529893908
대곡,34.869082252950044,127.87747993155207
죽곡,35.06285697054782,128.17210772403638
여수,34.65987029972828,126.6137403400789
월호,34.946331193515846,126.60921151434368
칠리제,37.40421758788259,126.84804486915093
대천,35.45760788577158,127.74872433254347
신기,37.21995022850368,127.19156953620832
근곡,35.11985057583312,128.43756214577274
금강,35.81354822157694,129.21905689198655
상촌,35.15961814382532,128.27450635913465
용천,35.29898364960627,129.19298269918778
오산,35.50164239463063,128.23837632261834
연화,35.079260442415006,128.20800336942017
북군,35.865623805643764,129.25574427855042
구호,35.44364000524877,127.22055386870636
퇴천,35.5191569936902,128.5091644211247
수정,35.662553701924416,129.15667734701103
가락,35.049359524076245,127.87155972575648
소산,36.57551903163905,128.54293775335356
안성,35.2665176809846,128.55586807860914
용주,35.17494990712689,127.2551742702292
성산,35.063255397363505,128.18699548625875
양사,34.60715178497115,127.46909074312065
매동,34.91434664625699,126.557120578372
유곡,35.44194262507119,128.30822792416723
만수,37.01936644316199,127.18574770102724
지산,35.67663656747532,127.984056448706
용교,35.07026135022808,126.22320743445516
봉림,34.471031956886165,126.57698273090551
양동,35.41958636283249,128.371627149544
가곡,35.0138959159958,128.15958478610636
도산,35.026468598448,126.4571846546166
용동,34.8267805236607,126.6601024002916
와우,34.437198779350915,126.14806745210848
상리,37.21968626130872,126.95137865761004
당오,34.51413480814211,127.31563088262251
고장,34.89926822050134,126.04197805006206
용월,35.01816458507743,126.47993033049526
용암,37.84720472054839,127.04496205093189
봉림,34.471031956886165,126.57698273090551
성덕,37.47178065119884,127.41573598349854
학송,34.76390324408851,126.7389117618473
송정,37.39097059637333,127.87828837473684
도청,34.4892018278713,126.89030900978848
화동,37.70838031314369,127.86225984359967
청계,35.473247137465364,128.21242248280276
곡안,35.11837444395035,128.412626057835
두곡,35.56160719722217,128.6107019280583
중고,34.72088418497893,126.8004662926402
덕림,35.38691961307898,126.60386320765616
심곡,37.92166368799139,127.17092095549842
운월,35.08321724009066,127.36195831873886
종산1,36.62112030410544,128.46376591732843
죽산1,34.81263731564314,126.51154155629672
오상,36.4349350232746,128.27347465314585
수천,35.62844698328824,126.989345930401
기곡,37.15627992776537,129.26283131418705
대곡,34.869082252950044,127.87747993155207
석현,34.97641829963949,127.46762689075943
탑동,34.45406712367819,126.57469206786313
소로,36.69688000674807,127.40031730143563
해창,36.378414613707264,126.57033498719962
근촌,35.199436768244645,127.23407111783152
수곡,35.270778208080806,128.49672632567598
상대,34.57270633753648,127.32181704397198
수양,34.96435388278245,128.2011360498234
용수,37.648336844512976,127.73134540367629
구사,35.37206285228846,127.27739456825276
월계,35.03087230544461,127.39883223005435
갈곡,34.84341288162415,127.99433241434892
금계,36.90516878722781,128.5248656482357
정동,35.52898192876996,128.68778108493223
어룡,35.33884648655637,128.2784017698795
신암,37.91995032413831,126.96565984683188
명진,34.843474887823206,128.61842140954064
동천,34.805894287364445,128.044287772777
절암,35.29732715742261,126.6515260635245
회룡,35.53847383362414,128.4272773687533
금덕,35.74781673879828,127.58524631862326
묘곡,36.520913538397856,129.35114931676955
과동,34.831543225218994,126.44799188257866
현경,34.99693938878442,126.4328629198284
가곡,35.0138959159958,128.15958478610636
덕진,35.30185479959701,128.1527068931509
사도,35.21774702919678,127.49731682278558
신안,35.227904872007414,128.75312533729195
노곡,37.106279527008695,127.25507120172084
청용,35.174680183587185,127.85307399429392
방축,37.150787032596334,127.14808425609206
영풍,34.76357303544376,126.56603437473515
온동,36.956191939518085,126.55573472386553
학동,34.957013396533924,128.1891844298139
봉전,35.11819929830518,128.1563171888526
흥곡,35.27730495318471,126.53489286016278
소룡,36.03319953039519,126.87796309044832
운천,35.15823307741488,128.27214639101996
반계,37.29387456787404,127.77318387437217
장평,35.183112373149896,128.3509524057108
덕촌,34.87944178271558,127.12689004232794
만학,34.943975513755554,126.54940878656366
연동,34.58643225982093,126.0323477377362
항곡,36.89749244671627,126.59960655770338
용동,34.8267805236607,126.6601024002916
취적,34.85972500362567,127.58377501718893
태백,34.79400656575234,126.55230098061196
백두,34.943330036256164,126.62137798409486
오정,36.15292779001083,127.66589030313123
월경,35.22123787488468,127.19989436857296
신암,37.91995032413831,126.96565984683188
남산,35.43182971180772,128.73275274580357
지동,36.18153341170442,127.46037695316502
용천,35.29898364960627,129.19298269918778
황산,35.77405718433516,127.83810114193496
삼신,34.57099248242867,127.26102070831416
소정,34.86141329170512,126.63510867672716
백련,34.588041900853824,127.2847318897646
대곡,34.869082252950044,127.87747993155207
두곡,35.56160719722217,128.6107019280583
신기,37.21995022850368,127.19156953620832
금산,34.69960595263757,126.9462395057629
동고,35.22833971513417,126.41942743515187
성동,34.985691807106704,126.48231024673572
호암,36.02442103033994,128.35638301743813
서창,34.72905257138428,126.52723539029934
당촌,35.430808074385524,129.17325130795157
서변,35.84504474626056,126.84437450707662
사정,35.402092731342606,128.04166733465357
심천,35.97914972400037,128.51520955862935
가정,37.75497814005688,127.58092207312237
축동,35.24451116085104,126.3753111369314
매탄1,35.5879947095436,128.47387880101957
보산,35.033534303423366,126.68708097775492
오봉,37.6955384943488,128.8170513717143
신촌,35.1095078117693,128.04413677032582
호성,34.60739939167878,127.2549772711634
미억,35.78604977147588,128.88541067104254
도천,35.27479994213959,128.47186108146155
칠성,37.68829611168765,128.89230030083138
배방,36.414216947588,128.97393952210865
수장,35.58049903861305,128.47422075512964
황금,34.72686287172722,126.11246133934
진목,35.58964873420202,127.87540614920614
대분,34.54608946619516,127.14424640205704
대지,35.237855143923404,127.47942005532052
신안,35.227904872007414,128.75312533729195
삼천,34.82297933795847,126.51313744757265
은석,35.79677362578463,127.20121460874198
학동,34.957013396533924,128.1891844298139
산호,36.23042288035566,128.5084856245102
두곡,35.56160719722217,128.6107019280583
부연,36.956843883999646,127.84396278009872
금천,35.65846419898844,127.99440772659052
사천2,34.46478462115351,126.30996135155524
황곡,36.73939067083543,126.39054409078898
만수,37.01936644316199,127.18574770102724
운산,36.93820111490437,126.47651669725607
득소,35.38919570553016,128.35727365458098
강정,34.58318311318581,126.68862609444976
수정,35.662553701924416,129.15667734701103
연지,35.454634139420975,128.5281399850997
당하,36.10792538526883,126.99186505700833
동문,35.00336960298932,126.61302206049989
신리,37.55075063415956,128.46365068958306
삼풍,37.51685196461333,127.49946246486608
송기,35.55515986696747,128.30658090983977
발산,35.14186690809124,128.34989120478116
검성,36.11562658363288,128.43624123539252
옥연1,34.5734264238609,126.37656042848346
금곡,35.095362283951886,128.15983770757916
절골,35.06443940045441,127.90728749983056
광덕,36.45548574458663,128.34842364096295
삽실,36.20500197146835,129.32670339661215
이월,34.90804842557596,126.6311592691982
문동,34.85718018889861,128.65466239497314
행장,34.94493892455929,126.69148168128012
갈곡,34.84341288162415,127.99433241434892
송산,37.21341913359029,127.01454634460372
선동,35.11851111174563,128.32359611706218
복용,34.993052094326785,126.4924923128942
죽전,35.36376741448538,128.13499819878226
척고,34.914385427999285,126.54718533241032
비아,35.22561174586635,126.81689301528014
용포,34.974791036205914,127.78442395477904
한운,34.922211453397324,126.07097068148784
법동,35.7783249985743,128.31788533747903
송기,35.55515986696747,128.30658090983977
진월,34.990094451710526,127.76902899600908
길은,34.46889579019102,126.18628357386967
대곡,34.869082252950044,127.87747993155207
사암,34.97782673785721,126.59814645737998
신석,34.813075149141206,126.74581937422256
밀이,35.86878400346699,129.09526623566313
사부골,35.78673000027699,128.29954460605347
죽산,35.566153469882295,127.84024740656534
동변,35.84586507018123,126.8523612329895
관율,35.11380745819984,128.13948274412152
방축,37.150787032596334,127.14808425609206
망덕,34.96860247437135,127.74405319960532
율동,37.575758145352246,128.1065715706436
입석,35.13767457092046,126.33516572437313
등지,35.60402197950254,128.4726007500948
당산,34.94854600507005,128.09677751022505
노곡,37.106279527008695,127.25507120172084
신평,37.3905310896485,127.89085110596986
하사,35.20743415541002,127.50699264268128
구영2,34.88191710412579,126.04855159016633
대각,34.943426622726896,126.53551864676542
장수,35.4329238003182,127.96020540126506
동촌,34.5774607031414,126.96750195008026
삼산,34.4408032315985,127.04853780357396
여천,34.770603450237324,127.67095660241692
말흘,35.52719588694018,128.50360740803598
영천,34.69462664784999,127.07872983318308
석문,35.131348013254495,126.68555708395408
남양,34.96939795452521,128.07070462986638
칠전,34.458465404920275,126.26195047281426
오성,35.06063446186336,127.01224559321668
칠전,34.458465404920275,126.26195047281426
달전,35.2821888296528,128.4948371980911
명곡,35.52356787549568,128.27622694748754
둔덕,36.45172068211884,127.72234639369744
홍도,36.01746856065155,127.52985406818443
채지,34.71071524313572,126.5652054062367
백암,35.1350212632779,128.25534066261542
산수,34.88007473130414,127.54704102470232
삼신,34.57099248242867,127.26102070831416
신학,35.298552205974715,127.42205097770044
신흥,34.61309845132938,127.30983673445807
백운,34.9978682275607,127.5879112092068
압수,35.995861463494336,127.67086798545564
봉계2,34.793033456032,127.671326307229
신장,37.04634402566415,127.28498995194806
구천,34.82626337730475,128.63978120943815
양정,35.29235752392639,128.51759620934124
길상1,37.62400004638863,126.49987158318876
원등,35.23987552934256,127.2136156857332
원당1,36.47638470749335,126.72035532416152
유정,35.1212031025884,127.24756956557316
금성,34.93562223348501,126.5930552978388
효갈,36.48422604079804,128.2787912163351
반월,37.3211338824095,126.8903212223244
비아,35.22561174586635,126.81689301528014
내야,36.01193028353359,128.38222985647212
지다리,35.536748501917145,128.27599986519735
내동,35.400121400113,128.5479634700526
금곡,35.095362283951886,128.15983770757916
광령,33.47147655967826,126.42659468462618
반월,37.3211338824095,126.8903212223244
진목,35.58964873420202,127.87540614920614
장곡,35.47997958055796,128.43036027914636
유정,35.1212031025884,127.24756956557316
오동,35.211223440940806,126.393663414803
동촌,34.5774607031414,126.96750195008026
괴음,34.74772101001276,126.57907324585396
수동,36.40279767035955,128.42054282107725
신정,35.2401433272431,126.54640087576422
용강,35.21510837959517,126.60179789531335
용산,37.94459566581392,127.71891310303492
덕림,35.38691961307898,126.60386320765616
축내,34.81926727609953,127.24219322075923
만수,37.01936644316199,127.18574770102724
대송,34.96055388419631,127.82776879503103
오리골,36.28375855478394,128.9506419115736
상방,35.51137594683398,129.07395169804343
학동,34.957013396533924,128.1891844298139
대율,34.89385901612457,126.07511084001209
마장,35.44644965441896,128.27769621715535
순촌,35.18122288826496,126.63857094638207
청룡,37.42225657189527,126.76063624729814
증상골,36.45545011676316,127.8440770876976
추포,34.81898042537187,126.05608032518994
금단,34.94328618869455,128.18488885740862
기룡,35.0993737842884,126.76398877369652
장동,35.959322754746616,129.34514659946373
용정,37.71924452928385,126.7590466085298
남동,34.57094554597321,126.4018289234804
백연,34.956960354993186,126.5492983052656
부평,34.8735251521883,126.6480455550542
흥각2,36.38059352092295,128.1712942938754
용흥,34.535598965712595,126.74253410820792
지탄,36.24955690548192,127.69011602522468
요동,36.00916119488934,126.762251821068
신풍,36.54711511792319,128.4270459805391
항동,37.483589794617565,126.8230938502367
용강,35.21510837959517,126.60179789531335
농촌,36.983919148059805,127.28467180314736
남계,35.51159736618027,128.79416158080133
능화,35.02802645088861,128.129930037275
옹,35.850951049383255,126.92210775882724
연동,34.58643225982093,126.0323477377362
운암,34.74565913699879,127.88291822167426
소포2,34.47535713293193,126.19714855493356
관동,35.46074084718833,128.50870909058236
쌍암,36.53135928002168,127.61087644257972
가랑,34.88759540540519,126.61212873152328
장등,35.291190666562585,126.53500279438433
문암,35.189187851351726,126.61033198894326
골안,35.54620786734901,129.2431797852443
화수,34.91508942444715,126.60360877343774
연산,34.52866507798365,126.28661342492616
구,36.28054546012154,126.62209993105344
신학,35.298552205974715,127.42205097770044
고성,34.49217465096209,126.31855510084196
호구,34.415256399511605,126.22609610645222
연꽃,35.727155430767176,129.30850084810157
대동,35.61051836324652,128.4555200841569
미룡,34.930729143829154,128.2846404288466
가곡,35.0138959159958,128.15958478610636
산정,37.086230065521306,127.20371306985922
송림,36.27049619611125,128.94847764147622
죽청,34.581493920287215,126.97251119950482
송현,34.93163153264394,126.43777824207048
구서양,35.300004246679826,126.7072328270043
신리,37.55075063415956,128.46365068958306
명동,35.286583559208545,128.81810293787373
부길,34.47944869023051,126.51276700919094
모산,36.42749491227775,128.3435747051158
장등,35.291190666562585,126.53500279438433
신리,37.55075063415956,128.46365068958306
송암,35.235199998912975,126.33880898008464
연지,35.454634139420975,128.5281399850997
용강,35.21510837959517,126.60179789531335
가락,35.049359524076245,127.87155972575648
금성,34.93562223348501,126.5930552978388
금산,34.69960595263757,126.9462395057629
신원,34.946218229007485,126.70990549020408
선항,34.44120937154744,126.23092942632852
창산,36.89223309308707,127.84171754118452
동막,37.47540854659409,127.93438490166557
선동,35.11851111174563,128.32359611706218
거청,37.02494393687893,127.24124707081022
황말,35.532498315501975,128.29011822959498
미촌,34.69294941339724,126.59741328644512
남산,35.43182971180772,128.73275274580357
원우,35.92840201243918,126.77144994956518
오곡,35.2090130719031,128.37505763043106
회룡,35.53847383362414,128.4272773687533
신대,37.28729141366121,127.07403872347918
월산,37.4713607588148,127.65188103965244
안음,35.17330362756534,127.54747696932198
연지,35.454634139420975,128.5281399850997
죽림,35.24832213688195,128.43882038422876
도마,34.868642748825714,127.8687643525439
마산,35.59379216424195,127.77123298611144
청호,34.80293901206193,126.51350356663848
성산,35.063255397363505,128.18699548625875
내산,34.76126670395688,128.01553382602884
당산,34.94854600507005,128.09677751022505
금정,37.02577094382728,127.57475928435034
돌치,34.71629352703838,126.78629202185677
신포,34.71079090605444,126.54341061083429
노현,36.50178367395345,128.5981516734106
월명,35.49533094478395,128.47588065128997
구룡,35.48676291935271,127.7101783133396
영호정,34.74223625828927,126.39538144004356
용화,38.13355348317162,127.34644841948264
남티,36.05174185740884,128.76654786139073
평지,36.59199918808563,128.2355953965453
도속,36.05568811022023,128.3681615489937
월천1호,37.62707604129562,127.79118949225682
신성,34.883047156574285,127.14262075174268
신기,37.21995022850368,127.19156953620832
곤,35.888596716622274,129.05427580149984
와요,35.35174264599267,128.257490924566
망월동,34.79594709902192,126.49396610815045
송정,37.39097059637333,127.87828837473684
영촌,35.26666196451474,126.53699430818712
영천,34.69462664784999,127.07872983318308
갈포,36.56291241317624,128.43983952020483
익금,34.874976716331055,126.11747132274208
대인,34.45093143768364,126.48836420733468
조양,35.208209900162,127.12085564828617
산당,34.598727706572724,127.26510927908303
삼풍,37.51685196461333,127.49946246486608
복사곡,36.27993081356784,128.95375511783445
산곡,37.09635550423617,128.18311687828316
동막,37.47540854659409,127.93438490166557
일리,35.65728656665509,126.97400696834666
동방,37.14908192761808,126.8666435415082
사교,34.5892318973033,126.36036924370678
죽곡,35.06285697054782,128.17210772403638
다산,34.959302711606874,126.50220385199518
고전,34.63157504898167,126.33780398454812
신봉,36.89371141350818,127.0024501670774
명석,35.45125625550322,128.28890068768447
봉산,35.456058368258354,128.50513146730796
관동,35.46074084718833,128.50870909058236
장혈,35.2334104216065,126.43400591279212
무수,36.286752050924605,128.19169148117706
상백,35.60545031218648,127.80715466351452
분황,35.88155199788295,129.27841233471284
운곡,35.31846648474219,128.4600670016658
금산,34.69960595263757,126.9462395057629
가좌,34.497524700111235,126.48412871481904
장암,35.28477766360315,128.480850872895
오미,37.513332896779765,127.98559538230776
대재,35.775104463509074,129.28990880602842
연화,35.079260442415006,128.20800336942017
유정,35.1212031025884,127.24756956557316
석장,36.8928483382447,127.52745820768676
태봉,36.2898986548592,128.2201826463258
신당,35.57819253562255,128.42586139990223
숙적,35.96110028284098,128.4884519343614
석천,34.92497296210283,126.55924085561472
다산,34.959302711606874,126.50220385199518
금평,35.7216261943351,127.01828688940007
신흥,34.61309845132938,127.30983673445807
신기,37.21995022850368,127.19156953620832
연화,35.079260442415006,128.20800336942017
부리,37.43888232550046,127.54830048721398
무창,35.63556783453336,127.91165407715138
신평,37.3905310896485,127.89085110596986
광암,35.40139693563225,126.755660140086
영등,35.85794491763604,127.00222168851298
영천,34.69462664784999,127.07872983318308
도천,35.27479994213959,128.47186108146155
파도,35.19863577465993,127.54368052954212
내곡,35.56278829780445,128.6622942701547
신추,37.09096499324908,127.53010808163722
월치,34.45566358738166,126.25230189443872
도촌,34.73198807902508,127.15627976632229
유촌,36.22280515084409,126.8596026874886
삼치,34.7199620527489,126.79149884922296
금봉,36.93371766844131,128.7876293550272
신호정,34.75379083899357,126.4755374870672
죽분,35.2513405145919,126.8134362866073
유치,37.577967441035575,127.85184481050467
장안,36.57300325290104,128.2631198544079
싹실,35.33735632468002,128.11929920243384
지곡,37.23147917382807,127.13577411487482
신풍,36.54711511792319,128.4270459805391
초장,35.600744528797776,127.37747958566928
벽수,36.5084134090629,128.71818974423047
마전1,36.56444215475278,128.39392583329217
두곡,35.56160719722217,128.6107019280583
방축,37.150787032596334,127.14808425609206
송내,35.77713640071951,128.8228466991641
초양,34.8269692838282,127.93024515082097
금동,34.983588529209364,126.1552073758585
동산,36.34399486239816,128.0000082912425
반곡,37.47353129441079,127.95327345932192
연정,35.86135426352071,129.29448342969764
금강,35.81354822157694,129.21905689198655
석방,36.53025127244726,128.4851682894987
금남,37.65497093514104,127.36047414997267
봉동,35.094669420951384,126.20030120137712
고척,37.289100304646425,127.38331306369506
명곡,35.52356787549568,128.27622694748754
신한,34.71756043082928,126.53854567374924
어은상,35.575310634036,128.47920390306317
명전,35.467303678729074,128.5178591956579
오천,34.79588118708366,127.74721455428444
대안,37.2805568443565,127.87998333316484
신당,35.57819253562255,128.42586139990223
기곡,37.15627992776537,129.26283131418705
계동,35.149249424237986,126.59108403968676
서당,36.353074159229706,128.078602079949
광두,34.82396523161908,127.93450890657049
원당,37.9181434064121,126.98758563323663
대곡,34.869082252950044,127.87747993155207
와룡,34.95918914962206,128.09914841836004
나산,35.292292416068015,126.93320774191116
운정,35.50860594700398,128.68169824686777
도야,34.69920191886396,127.3389605007396
전당,35.88543735431213,127.13116460529506
서호,34.34488844774398,126.57720829367948
사갑,36.42974684936039,128.33827412722036
송림,36.27049619611125,128.94847764147622
다개,35.61844913383093,129.10992405745122
도이,36.40643002781378,127.670717536409
소곡,36.27676983356551,127.12024365166928
기동,34.68164194421049,127.32777381546396
청용,35.174680183587185,127.85307399429392
평촌,35.18773047438433,128.32480143980064
청림,36.15253462395812,127.33556855467242
동산,36.34399486239816,128.0000082912425
가흥,34.96182328557842,126.56345320314377
웅동,34.87142697731273,127.11620785653022
호암,36.02442103033994,128.35638301743813
학동,34.957013396533924,128.1891844298139
백곡,36.08573224838083,128.4460434041407
내청,36.22486273358494,129.31527595122583
금평,35.7216261943351,127.01828688940007
효정,36.04789256249446,128.83563298795744
요기,35.10240356486556,126.75306601942592
죽촌,36.19028169574076,127.64431124655614
신월,35.23716445874524,128.73418831294174
차동,34.5284603370699,127.36176925966043
죽산2,34.82175945595075,126.50617136537736
오류,34.53781808094714,126.33300766056742
궁정,35.78101507268416,128.87583327860054
도관,36.42127838016116,128.40561159480205
별실,36.539986421342725,128.3325389430021
삼청,36.26355364124274,127.57574088484608
장고,34.88330280356286,126.0372787025086
태봉,36.2898986548592,128.2201826463258
연화,35.079260442415006,128.20800336942017
신평,37.3905310896485,127.89085110596986
구만,35.62175424763426,128.64593224460305
다암,36.56255998512245,128.41967616862124
북조기,35.53877456977891,128.29128805758745
월곡,37.13161321292757,127.1846981973228
산계,34.837070835692515,126.43640020314916
봉덕,34.54822642297222,127.34577974817056
도장,35.22632217921446,126.47634729242716
구리,34.94972589601478,126.51490744377696
학사,36.14604860892284,128.46578410817256
전평,35.49119656843877,128.5509699140991
소화,36.55680643098516,128.40568103237263
달산,34.912626204274666,126.46944787178332
한동,36.40827011024596,128.42825638184837
월산1,34.7778644449774,126.65635449800676
방축,37.150787032596334,127.14808425609206
안골,35.58987555652885,129.247125940323
월호,34.946331193515846,126.60921151434368
송산,37.21341913359029,127.01454634460372
월평,35.47157186727252,127.7132177610291
와우,34.437198779350915,126.14806745210848
화산,37.151972553674746,127.22814186438836
율산,35.48415161503377,128.38695141134662
갈마,35.23323052400343,126.46419562888916
큰골,35.55452544221941,128.21738630227568
토개,35.59406552200224,128.25529779908908
학동,34.957013396533924,128.1891844298139
구월하,35.01932691400204,128.07227117393114
죽전,35.36376741448538,128.13499819878226
낙안,34.79966196372293,126.64808280083052
동림,34.872188156400746,128.59310367193956
옥동,35.43054037315801,128.28827234460582
석지,35.126356485003164,126.63274393661376
차산,34.8479719698022,127.90116975344124
용호,35.577220911743545,126.87834234106928
후동,35.53677015526197,127.73340769367444
운곡2,35.27286353954943,127.11408903381724
신촌,35.1095078117693,128.04413677032582
용암,37.84720472054839,127.04496205093189
사창,37.109196410431885,126.92057434655162
운지곡,36.27278248342066,128.94852951053295
대동,35.61051836324652,128.4555200841569
외치1,35.17352979936216,126.65591917014572
수월,35.713746717968,128.02746632787125
고모,37.79787713027294,127.16327017524816
보월,35.11911941182456,127.04809913857947
송림,36.27049619611125,128.94847764147622
죽전,35.36376741448538,128.13499819878226
매류,37.28359325877729,127.56958837855734
북초산,35.96924708893088,126.81616443250589
신기,37.21995022850368,127.19156953620832
원천,37.28025690091746,127.0626214744332
초곡,35.59405880281677,128.4148074783899
조산,36.46042270512565,128.3613850483382
노송,34.82531799384521,126.7370914020678
당리,35.24310661383754,128.7788723553869
박곡,35.36294210414132,126.98335161456596
월산1,34.7778644449774,126.65635449800676
교곡,37.36654756759594,129.19431598947995
방계,35.48931519575216,128.37297843281038
상탑,35.122719400887945,128.05400402352527
난곡,36.26201270148064,127.93093747943578
연,36.39471556998687,128.42903355840582
도래모,34.89347441607855,127.90583667939848
백암,35.1350212632779,128.25534066261542
구곡,35.33573365725812,128.51380933770974
둔지,37.9592762584417,127.33034112673964
복자동,37.14494052804532,127.64549256207438
오류,34.53781808094714,126.33300766056742
화정,34.91050965829879,126.53455533253909
부곡,37.32720101419815,128.06337475581682
대평,37.42116390395393,127.63131213612108
상덕,37.21486917686523,127.16273704826604
연,36.39471556998687,128.42903355840582
도마,34.868642748825714,127.8687643525439
산정,37.086230065521306,127.20371306985922
상부2,35.54340847313055,128.2747267901754
연당,35.637485520441565,128.5149051057775
조곡,35.21094485333674,128.4634311884937
월평,35.47157186727252,127.7132177610291
행군,34.867363622740775,126.69580609918302
신당,35.57819253562255,128.42586139990223
무동,36.44531603582415,127.94517084126409
신음,36.602016179584496,128.35913061772266
몽송,34.90810972305503,126.54111217934378
석사,36.09114771982893,128.47761500621272
평지,36.59199918808563,128.2355953965453
신근,37.30915743608131,127.55875835752906
소룡,36.03319953039519,126.87796309044832
와우,34.437198779350915,126.14806745210848
신촌,35.1095078117693,128.04413677032582
대흥,35.30489337349712,126.4439882708882
용호,35.577220911743545,126.87834234106928
부곡,37.32720101419815,128.06337475581682
산제,35.666102191410644,128.09723304157427
청암,35.22615616608329,126.57322487970544
벌못,36.05080112219332,128.91423971106144
부흥,36.29479562868001,129.35964224591532
도장,35.22632217921446,126.47634729242716
용동,34.8267805236607,126.6601024002916
상부1,35.544399419129405,128.27158910756552
호동,34.782023095528885,126.66390761887514
예동,35.537461767231896,127.89193784418538
뒷들,35.0047885345322,126.1553817923715
석종,36.31524735580051,127.1718255388364
연화,35.079260442415006,128.20800336942017
외치2,35.16794179501627,126.65730186273142
방축,37.150787032596334,127.14808425609206
금곡,35.095362283951886,128.15983770757916
북성,35.17405459948118,126.4232650144338
지사,36.380723246311184,128.10583102855105
산성,36.84506596002863,126.52110613120573
모산,36.42749491227775,128.3435747051158
방화,36.56945269002027,128.38991159210417
덕촌2,34.98973658200665,128.36156356234173
남성,35.27719785558783,128.04920254496284
중명,35.988272892446155,129.30313668214328
봉명,34.40044124515871,126.77229536121312
지곡,37.23147917382807,127.13577411487482
오봉,37.6955384943488,128.8170513717143
장곡,35.47997958055796,128.43036027914636
신흥,34.61309845132938,127.30983673445807
모지,35.5865521388904,128.4607723342218
향월,34.840568660897,126.67966826850687
신대,37.28729141366121,127.07403872347918
신방,35.7539320963645,128.7844739370948
불당,35.47429223074892,127.51950997098828
율곡,35.64133738637057,128.1803946052765
노현2,35.813463247746704,127.91118326343326
금동,34.983588529209364,126.1552073758585
금정,37.02577094382728,127.57475928435034
송학,36.38082781434146,126.52025083827328
봉정,36.62934999490631,128.2403144009918
용정,37.71924452928385,126.7590466085298
송현,34.93163153264394,126.43777824207048
불당,35.47429223074892,127.51950997098828
염해,35.62827222633514,127.52713401466929
신당,35.57819253562255,128.42586139990223
오수,35.95662171573496,128.90908787607157
세류,34.835272602775454,126.71249896354414
대방,35.400989721530415,126.95993513637362
지내,37.94391974754836,127.73063139663552
고잔,37.30259761266833,126.82287274599342
대천,35.45760788577158,127.74872433254347
두봉,36.64123862685944,128.3061066538529
가동,35.03816535138249,128.31345783059314
송변2,35.633695070630054,127.9285601577006
오리밭들,35.45134073088999,129.16803525633807
대야,35.14563430156225,126.676034003958
덕산,37.07711741737601,127.36414866683208
대사,36.63990749810785,126.55124097171662
가학,34.63314498373411,127.39338117718256
두달,35.90200256341758,129.05075437137813
칠창,36.26339298838133,128.35395918826794
반암,36.618346236288616,128.21961714186514
덕곡,34.99624142960631,128.07325203979858
김천,36.26708905465176,128.96720292507027
동산,36.34399486239816,128.0000082912425
춘정1,34.56009863754551,126.39039970427666
산합,36.582880852153714,128.47216072587509
덕촌,34.87944178271558,127.12689004232794
도암,34.91651889524651,126.89879031557584
소산,36.57551903163905,128.54293775335356
다천,34.809627154994594,127.93131634943892
가곡,35.0138959159958,128.15958478610636
대초,35.53843520304296,128.45018837583495
월곡,37.13161321292757,127.1846981973228
지동,36.18153341170442,127.46037695316502
군곡,35.88026023212991,129.0827082779999
어은하,35.570452526938105,128.47547950183613
봉학,36.08957047560737,128.5118338215312
초음,34.81787761718847,127.93210132692307
부동,35.071743635165184,126.09119248994926
갈마,35.23323052400343,126.46419562888916
명곡2,35.53098083461434,128.27430528241982
지동,36.18153341170442,127.46037695316502
신후평,36.64748593587715,127.76046816406424
먹골,35.62769481703758,129.28003955107675
천곡,35.35283622553067,128.14413933080232
평촌,35.18773047438433,128.32480143980064
용산,37.94459566581392,127.71891310303492
서동,37.15252607815414,127.04206942590145
신천,35.245628214023924,129.23103090467032
광덕,36.45548574458663,128.34842364096295
이치미,36.279650535248784,128.96871898019992
우봉,34.95506247909674,126.99114931600992
상락,36.512459272591606,128.38719716063068
안골,35.58987555652885,129.247125940323
갈마,35.23323052400343,126.46419562888916
석화,36.43662012379652,127.76575763356624
원용두,36.41976720944289,126.93723771791444
방두,34.90851279270157,126.63605891191942
사림,35.22767904338621,127.443966854272
옥산,35.59503222537428,128.4014563495696
백동,37.56049364504563,127.68703073762924
동백,37.28988631452331,127.16298091443883
회룡,35.53847383362414,128.4272773687533
먼갓,36.54620214959068,128.2413114944402
과곡,36.63240297097051,128.26534441855495
큰골,35.55452544221941,128.21738630227568
울성,37.01640788780609,127.05981248417736
삼태,36.081270282377176,127.52697196894226
구봉,35.359170154068124,126.7859868930962
석전,34.485704920638256,126.52307247885253
장사,34.807695254438066,126.63242993950745
풍정,35.071974164488005,128.12019598713673
어미,36.244940510124295,128.498331695202
뒷골,35.52898750985824,129.1663354121054
원당1,36.47638470749335,126.72035532416152
원동,37.14451369755393,127.0916568292442
하가,36.16790665448173,127.85887441753084
유수,34.848681043550506,126.67941988258156
노송,34.82531799384521,126.7370914020678
감치,34.7459231727581,126.51664051485456
염전,36.963543188808735,126.34098427222987
퇴로동,35.55199481970452,128.70464181132888
동막,37.47540854659409,127.93438490166557
동돈,35.74882448828705,126.6440544026509
축내,34.81926727609953,127.24219322075923
목곡,34.956682743290976,128.12387416459555
정서상,35.167866232466835,127.69912151594664
청수,35.0468272847595,126.56162135275147
행정,35.38538026498797,128.17304011991345
골안,35.54620786734901,129.2431797852443
서당,36.353074159229706,128.078602079949
백운,34.9978682275607,127.5879112092068
장암,35.28477766360315,128.480850872895
포강,35.46224849410042,128.52966532500764
부산,35.707048663324386,128.02375270853898
덕산,37.07711741737601,127.36414866683208
장재,35.76207384766238,127.32658350329622
광산,35.489034542138015,128.44981839470097
화동,37.70838031314369,127.86225984359967
한두골,36.89522971683108,128.00381131243591
냉정,38.17376160587128,127.2747794893808
방죽골,36.54153335339779,127.49958225942312
신,35.5794676680025,126.69935757952392
산정,37.086230065521306,127.20371306985922
오누이상,36.5230485596882,129.0417094966726
목곡,34.956682743290976,128.12387416459555
가지밭골,36.27191585903204,129.3339027924348
노곡,37.106279527008695,127.25507120172084
담뒤,35.462081208827016,129.16881383367948
연동,34.58643225982093,126.0323477377362
수정,35.662553701924416,129.15667734701103
두곡,35.56160719722217,128.6107019280583
감동,35.566542969211945,128.5600813799385
성태,35.585115644075984,128.31893942406828
연화,35.079260442415006,128.20800336942017
신,35.5794676680025,126.69935757952392
연동,34.58643225982093,126.0323477377362
원두평,35.88868062928981,129.02361126292675
금산골,34.99962667902195,127.95685663480246
신촌2,35.52361690668808,128.24965387155544
백옥,34.54337371819087,127.16790723617316
신풍,36.54711511792319,128.4270459805391
귀명,35.39617912119108,128.71979202520018
박곡,35.36294210414132,126.98335161456596
서상,35.7127584340205,127.68286015637791
금곡,35.095362283951886,128.15983770757916
대동,35.61051836324652,128.4555200841569
저리,35.45224901178597,129.2014430457821
선지,36.40332759205125,127.7303223261231
가곡,35.0138959159958,128.15958478610636
장평,35.183112373149896,128.3509524057108
세레,36.40676491083844,128.43803955457594
인강,36.06913289716774,128.3381347518516
석실,35.57600028070141,128.47464702761556
황정숲1,35.53687334419058,128.284190626345
신흥,34.61309845132938,127.30983673445807
전대,36.37897736419722,128.8101328834674
시곡,36.24812075629726,129.3647627363117
감천,35.19013818138742,128.52399342210992
다사,35.36270822555278,128.1447198134254
문현,35.3326165731419,128.33139327343994
용전,35.30629983753357,128.7511856564075
수정골,36.252842013282965,127.1559523197219
송월,34.71444255842048,126.69744092364212
상서,35.72415828732833,126.86709611031289
복평,35.30501079727058,126.593121988956
삼산,34.4408032315985,127.04853780357396
안심,35.734628619274496,129.1471500820051
노곡,37.106279527008695,127.25507120172084
성터,36.91988562021807,127.36700571726716
용곡,35.880884777714364,129.11282082587792
용당,34.69550761457854,127.2526704270656
송티,36.79775673390238,127.5765892120068
안심,35.734628619274496,129.1471500820051
소,36.40259946405132,128.40357276393058
아강,35.58575433505479,126.7038615319636
전천,35.19265685352242,127.48830336799313
가척,35.85573256558882,129.07806954994143
덕곡,34.99624142960631,128.07325203979858
소,36.40259946405132,128.40357276393058
부곡,37.32720101419815,128.06337475581682
오곡,35.2090130719031,128.37505763043106
반운,35.71432227509555,128.30491670822158
중촌,35.43448051020981,128.17551421802492
내곡,35.56278829780445,128.6622942701547
탑송곡,36.2959490614815,127.63060836498737
양장1,34.789800765661504,126.60626327440146
등곡,36.42901183788104,128.39921447106724
청용,35.174680183587185,127.85307399429392
서산,35.29195994015721,128.37547382921844
송계,35.21571545696762,126.7061917003968
광성,35.67594534134192,128.02692226076456
대천,35.45760788577158,127.74872433254347
당수평,36.299327600528734,127.63236202294296
양지,36.361349865981055,127.91352675728082
오계,35.6260044010247,127.90067091454088
구봉,35.359170154068124,126.7859868930962
학곡,34.80525280770398,126.66511653613873
당산,34.94854600507005,128.09677751022505
천곡,35.35283622553067,128.14413933080232
내송화,36.45089694009756,128.38701930900675
마람터,36.64444991664005,128.3830530629846
한산,34.74803804122413,125.91524283788269
각곡,35.544415862204666,128.2441084146372
수곡,35.270778208080806,128.49672632567598
상촌,35.15961814382532,128.27450635913465
서당,36.353074159229706,128.078602079949
해산,34.80889763157195,127.6352078405959
독점,36.60782726778578,128.63006988238453
가산,35.54104468802376,128.70058353364243
내산정,36.44301619721999,128.39194182788808
오누이하,36.524180538011855,129.04127291966986
적산,35.672891872547,127.30905402015716
봉곡,35.6075273841882,127.77545584819543
효동,34.894221469050024,126.59283503275232
서곡,37.29123384478796,127.94407404632156
매계,35.1774461490434,127.71073839774836
낙곡,35.910680090329926,128.45320138282912
당남,36.99561741283104,128.64986605825072
양림1,35.54038737519716,128.26928517458686
아산,34.84524669119539,127.88727628517636
원산,34.938296685563714,128.36649396174795
마산,35.59379216424195,127.77123298611144
칠성,37.68829611168765,128.89230030083138
봉전,35.11819929830518,128.1563171888526
상정토,35.5266004072572,128.26111905547353
초포,35.13873259063719,126.608577371985
남성,35.27719785558783,128.04920254496284
수완1,35.20166361815303,126.82638048257354
용산,37.94459566581392,127.71891310303492
연산,34.52866507798365,126.28661342492616
방축,37.150787032596334,127.14808425609206
인곡,35.138341541814256,128.43551066252374
후산읍,35.217126424537966,126.99135619927254
청천,35.22753807289173,127.49849590651104
무릉4,35.528095339684,128.2425912587478
대촌,34.98550372290971,126.26083507697162
턱골,36.43256928266524,127.7297663051293
바위암,37.04420768209022,127.53388295891106
대산,34.989103712764084,128.1600458986325
구룡,35.48676291935271,127.7101783133396
퇴로서,35.550457973088946,128.697676700013
말랑들,35.6641483950356,127.9860891844862
대동,35.61051836324652,128.4555200841569
무곡2,35.522438988971565,128.18139004219958
삼곡1,36.215829431276894,126.64314697907254
매동,34.91434664625699,126.557120578372
방축,37.150787032596334,127.14808425609206
율리,34.7165981099834,126.5774431220276
봉동,35.094669420951384,126.20030120137712
하남1,35.53225492416111,128.25285014049092
상가,34.53591004190395,126.63864926211856
월현,35.41345116733927,128.33576471495115
대상,34.91650398222111,126.56043220641672
내동,35.400121400113,128.5479634700526
양덕,37.02645179780912,127.48683254482911
유하3,35.53747370394206,128.25097825552467
외석정,36.647253072641696,128.41324951923508
신기,37.21995022850368,127.19156953620832
대산,34.989103712764084,128.1600458986325
이인,36.06658305865636,129.31214202013018
부수,35.54305945480931,128.28493343303876
쌍구,35.226516197193014,127.2853186096347
태간,34.860332261746386,126.61170680506986
중정토,35.52935357373175,128.26049932775055
구룡,35.48676291935271,127.7101783133396
중부2,35.54170355515169,128.28295325977675
월천2호,37.624110820229575,127.7833702149246
송오리,36.80476793881898,127.5784268840026
교동,35.509890649888604,126.76414011238307
월감,34.9006516863334,126.5550316173507
매월,35.28163345914427,127.20255851316284
고길,34.469823661239104,126.20036305357306
남방,37.7778703090315,127.01868651782014
원곡,35.0000808637635,126.53605008518144
고사하,35.4453606490423,128.66594401540706
용문곡,34.78420786116662,127.926627726244
학동,34.957013396533924,128.1891844298139
가봉,35.124768675331055,128.22267936221067
솔고개,35.56960100468033,129.22686063783078
화대,35.24451348290124,127.12591757555305
방목,36.03454918545771,129.00906025534374
대포,36.35028276707713,128.00859790213696
장명,35.30158598083823,128.37792804845796
중리,37.12642681813776,127.23948115454478
송학,36.38082781434146,126.52025083827328
신덕정,34.80566465860243,126.64993820293576
신흥,34.61309845132938,127.30983673445807
고정,35.56126535153641,128.79314164392807
모전,35.57493888566609,128.46186262575822
신정,35.2401433272431,126.54640087576422
어룡,35.33884648655637,128.2784017698795
박곡,35.36294210414132,126.98335161456596
추동,34.84767215764332,127.0360624442627
우봉,34.95506247909674,126.99114931600992
삼곡2,36.22134434284644,126.6425593490629
덕신,36.6724840565988,128.3964893794714
이어,34.863565803216126,127.89399624983275
유하,35.211881633435624,128.81143108909737
연동,34.58643225982093,126.0323477377362
금당,34.44757426452991,127.05633599738684
증구지,36.40563902419196,127.7315346587782
산수,34.88007473130414,127.54704102470232
노류골,36.40267559081532,127.97983582352528
금림,36.57149306869788,128.26776093904206
정곡,35.399889779888326,127.90271847628104
용담,37.18787567700247,127.30714431523714
독곡,36.32765783638576,129.3562871383361
추산,35.3547234360709,128.11860123681268
동명,35.98132114622351,128.56447918201218
영지,35.75991916517297,129.30219275057271
유하1,35.54242201936173,128.25209495026232
상포,34.60255895706836,127.33480524235684
택촌2,35.32946592355765,127.28314288233244
오서,35.095825396541365,128.4010541083581
황산,35.77405718433516,127.83810114193496
월곡,37.13161321292757,127.1846981973228
구산,35.227428736580954,126.43407189192033
예동,35.537461767231896,127.89193784418538
덕촌1,34.99464308116092,128.36233050214236
광대,34.79739696398323,125.98554965075084
신대,37.28729141366121,127.07403872347918
모정2,34.77927539299931,126.60827421598404
학동,34.957013396533924,128.1891844298139
남전4,35.413480134231264,128.72743941716385
연지,35.454634139420975,128.5281399850997
약석,36.65675416949512,128.2747172456892
대미론,37.15747192328667,128.16030853134282
성남,35.6415872317052,127.37538284462752
백운,34.9978682275607,127.5879112092068
신흥,34.61309845132938,127.30983673445807
연동,34.58643225982093,126.0323477377362
지동,36.18153341170442,127.46037695316502
앞실,36.57536989311184,127.78404253086514
가는골,35.68066473434878,126.64030554983466
덕성,36.25513412142659,128.9541297716653
마쌍,35.37407143784301,128.11991270605554
신기,37.21995022850368,127.19156953620832
양하,34.20571781137302,126.57915871048404
중촌,35.43448051020981,128.17551421802492
우계,35.30641815425953,128.90671972924224
상보,35.43164344394842,129.15164473301272
화동,37.70838031314369,127.86225984359967
양지말,36.44757424019292,127.71897933162045
원곡,35.0000808637635,126.53605008518144
송산,37.21341913359029,127.01454634460372
죽촌,36.19028169574076,127.64431124655614
양동,35.41958636283249,128.371627149544
죽림,35.24832213688195,128.43882038422876
상보,35.43164344394842,129.15164473301272
생초,35.69572243794346,128.04516448134427
제촌,35.57181490121031,128.27645531217098
곰네,35.460265713762034,129.20326876511098
가산,35.54104468802376,128.70058353364243
무수,36.286752050924605,128.19169148117706
당산,34.94854600507005,128.09677751022505
뒤뜰,35.44840864786145,127.35918641087206
호암,36.02442103033994,128.35638301743813
봉정,36.62934999490631,128.2403144009918
가오,36.611778330295216,128.351300312579
웅골,35.62449600887273,128.47533481879267
황정숲2,35.537084031667774,128.28235071649277
구룡,35.48676291935271,127.7101783133396
신덕,34.667403301491355,126.311564682888
어전,35.385790996474114,128.11726239771048
영천,34.69462664784999,127.07872983318308
하회,36.53670783628949,128.52994755982922
덕담,36.480407242756726,128.2162710306422
각곡,35.544415862204666,128.2441084146372
두암,35.39148555548317,128.69759256037062
아포,34.996213862063954,127.97758435069048
말미,37.49526076066133,128.00326377200426
우지곡,35.64872384956214,129.28113767009802
계산,35.466447750561095,126.59920974379872
구평,35.87631420958156,129.1514887342476
정녕1,35.62048730228466,128.4770056246944
부흥,36.29479562868001,129.35964224591532
당산,34.94854600507005,128.09677751022505
명동,35.286583559208545,128.81810293787373
신성,34.883047156574285,127.14262075174268
성동,34.985691807106704,126.48231024673572
신흥,34.61309845132938,127.30983673445807
입석,35.13767457092046,126.33516572437313
연지,35.454634139420975,128.5281399850997
행현,36.44699677572662,128.33382748253794
내지곡,36.40765989653505,126.97472378345796
이천,35.73541936378852,128.13226041238664
상신,34.64488203227706,127.3457445901849
유하2,35.539875253086606,128.2500776632663
광평,36.10034365759397,127.62552199393184
신월,35.23716445874524,128.73418831294174
천동,34.87273331015915,126.6867531523198
금천,35.65846419898844,127.99440772659052
기곡,37.15627992776537,129.26283131418705
콩밭골,37.07879094278804,128.1816616909613
흥왕,37.59408222741197,126.42312500131676
대성,37.172177166446,126.8660564279199
양피,35.792701296933394,129.24518400625172
화달,36.45685990900121,128.22561831058945
신평,37.3905310896485,127.89085110596986
골안,35.54620786734901,129.2431797852443
모덕,35.71811687007749,127.9897197263663
화동,37.70838031314369,127.86225984359967
서동,37.15252607815414,127.04206942590145
이천,35.73541936378852,128.13226041238664
연화,35.079260442415006,128.20800336942017
가장,35.5710712464219,129.19816152663967
문현,35.3326165731419,128.33139327343994
천동,34.87273331015915,126.6867531523198
동막,37.47540854659409,127.93438490166557
술정,35.53882395614624,128.4874790835444
길가,34.891179358537464,127.91068866398204
매동,34.91434664625699,126.557120578372
원당2,35.53769521973538,128.24085631428332
덕촌,34.87944178271558,127.12689004232794
금포,34.86646581323517,126.05054021026736
어랑,34.87835403348205,126.6939304368076
부마,36.017919993510795,126.93317316636096
대평,37.42116390395393,127.63131213612108
파장,37.32864032287167,126.99489886963312
대천,35.45760788577158,127.74872433254347
성덕,37.47178065119884,127.41573598349854
고남,36.82131821777676,126.42571713679132
수인,34.475974409032766,126.81090173997586
목동,35.46485227691011,128.1684716849691
금천,35.65846419898844,127.99440772659052
후산,34.69229103801326,126.29802600208652
양림2,35.537275361032634,128.27068907412098
한천,34.9680253260863,127.01919393316828
덕촌,34.87944178271558,127.12689004232794
성북,36.15000933839848,126.59608727539866
아랫골,37.28480942218471,128.43653128459567
부흥,36.29479562868001,129.35964224591532
양동,35.41958636283249,128.371627149544
서당,36.353074159229706,128.078602079949
방축,37.150787032596334,127.14808425609206
송내,35.77713640071951,128.8228466991641
