name,latitude,longitude,위치,유효저수량
성주저수지,35.18268346535287,128.71142121563216,경상북도 성주군 가천면 중산리 산51-9,28150.0
고삼저수지,37.08405079382173,127.28687693547096,경기도 안성시 고삼면 봉산리 624-1,15217.0
불갑저수지,35.07934691489007,126.06210323412972,전라남도 영광군 불갑면 녹산리 126-1,15200.0
맹동저수지,36.90287294115775,127.57441815757934,충청북도 음성군 맹동면 통동리 176-1,13907.1
옥구저수지,35.92934067235596,126.6584084156184,전북특별자치도 군산시 옥구읍 어은리 753-21,12826.1
동상저수지,35.94981364324492,127.2778225097498,전북특별자치도 완주군 동상면 대아리 산39-7,11241.0
구이저수지,35.727320386229685,127.1269227143265,전북특별자치도 완주군 구이면 두현리 30,10307.0
달창저수지,35.63843207783963,128.4788775304747,경상남도 창녕군 성산면 후천리 551-1,8649.0
오태저수지,36.49154214765876,128.12349503937355,경상북도 상주시 공검면 병암리 90,8291.0
비룡저수지,35.117354434905465,126.4558241884824,충청북도 보은군 장안면 서원리 산5-5,8163.0
서부저수지,36.12980164254807,126.69120808709474,충청남도 서천군 종천면 석촌리 580-11,7989.0
장남저수지,34.624272076256744,127.39762785155727,전북특별자치도 장수군 번암면 국포리 산82-1,7920.8
고풍저수지,36.78767127727411,126.60193505826042,충청남도 서산시 운산면 고풍리 542-6,7821.8
수청저수지,35.39292698830058,128.01341559080598,전북특별자치도 정읍시 칠보면 수청리 산48-2,7001.0
오창저수지,36.75082817529587,127.41292825210306,충청북도 청주시 청원구 오창읍 성산리 산4-6,6390.0
마북저수지,36.18245786081712,129.26303641871934,경상북도 포항시 북구 신광면 반곡리 산54-3,6160.0
상판저수지,36.30181012987639,128.01433063885938,경상북도 상주시 모동면 상판리 산18-5,5679.2
덕용저수지,36.14369702693885,126.82061250061346,충청남도 부여군 양화면 송정리 477-18,5660.9
반산저수지,34.64577761194484,127.29828645600593,충청남도 부여군 규암면 합송리 389-4,5652.0
주남저수지,35.31238053555067,128.6804124618332,경상남도 창원시 의창구 동읍 월잠리 306-7,5590.8
보청저수지,36.47319792513713,127.67154233800292,충청북도 보은군 수한면 병원리 산60-6,5561.0
장치저수지,34.91417331315695,127.0366526605979,전라남도 화순군 이양면 용반리 산27-10,5484.7
삼흥저수지,34.58296629543613,126.84490569721724,전라남도 강진군 칠량면 삼흥리 산135-5,5250.0
사곡저수지,36.32234732291644,128.35294304640283,경상북도 의성군 사곡면 공정리 산220-1,5175.0
내장저수지,35.51508407655084,126.90220992675648,전북특별자치도 정읍시 쌍암동 산125-2,4828.2
금전저수지,34.974656970640694,126.98721381131978,전라남도 화순군 한천면 금전리 산1-1,4824.3
구성저수지,36.02994205506551,128.86203044323722,전라남도 곡성군 오곡면 구성리 산139-30,4804.8
칠갑저수지,36.4391317988354,126.84836983842408,충청남도 청양군 대치면 광대리 404-16,4760.0
계룡저수지,36.35803773631817,127.15319846099624,충청남도 공주시 계룡면 하대리 산53-1,4716.8
마둔저수지,36.97034528783754,127.31123694331818,경기도 안성시 금광면 오산리 산34-6,4707.3
복심저수지,36.18237855934554,126.851067158135,충청남도 부여군 충화면 만지리 431-6,4706.4
가음저수지,36.23665359673289,128.7456028310663,경상북도 의성군 가음면 양지리 산16-1,4574.1
추평저수지,37.12984457360693,127.93742627462576,충청북도 충주시 엄정면 추평리 산19-9,4555.0
원창저수지,37.801539714888975,127.7897337210716,강원특별자치도 춘천시 동산면 원창리 산30-1,4553.0
거창저수지,35.82177305574624,127.86016289047572,경상남도 거창군 고제면 농산리 산113-8,4285.0
잠곡저수지,38.14974740254979,127.46470710018788,강원특별자치도 철원군 근남면 잠곡리 산99-11,4279.0
도고저수지,36.74326630243782,126.91227773119272,충청남도 아산시 도고면 신유리 420-5,4277.7
금풍저수지,35.38398906926795,127.2863330453423,전북특별자치도 남원시 주생면 도산리 산26-18,4181.0
길정저수지,37.649597417269774,126.47497659773768,인천광역시 강화군 양도면 길정리 786,4180.0
은천저수지,36.11005703638921,129.15218887496184,경상북도 포항시 북구 기계면 구지리 35-3,4104.7
물야저수지,37.004936845287,128.73002372002287,경상북도 봉화군 물야면 오전리 산73-1,4061.0
광혜저수지,37.00811584223595,127.42710821919708,경기도 안성시 죽산면 두교리 산69-2,4025.0
오어저수지,35.922817251820845,129.3738605469202,경상북도 포항시 남구 오천읍 항사리 산21-3,3968.0
도림저수지,34.90467469269861,126.43489848212378,충청남도 청양군 장평면 적곡리 22-1,3776.0
만운저수지,36.60141185914941,128.57489320179312,경상북도 안동시 풍산읍 만운리 산69-2,3593.9
율치저수지,34.70419226808472,126.64043916536257,전라남도 영암군 학산면 상월리 산152-4,3551.0
입암저수지,34.5836239481424,127.26479724700874,전북특별자치도 정읍시 입암면 천원리 367-2,3481.7
화장저수지,36.29602929307961,129.16090263785009,경상북도 청송군 부남면 화장리 363,3403.5
백산저수지,35.84565332759151,126.89547241306984,전북특별자치도 김제시 백산면 하정리 산7-2,3381.3
종천저수지,36.1138081296656,126.6576421935538,충청남도 서천군 종천면 신검리 산3-3,3353.0
마지저수지,35.28044051563245,129.17193607296178,경기도 파주시 법원읍 직천리 산14-2,3322.0
금석저수지,36.99047682150843,127.6136339665922,충청북도 음성군 금왕읍 금석리 산30-4,3309.0
신림저수지,35.469179385959926,126.71384256912036,전북특별자치도 고창군 신림면 자포리 산17-10,3274.0
옥종저수지,35.20244913873906,127.82402551745037,경상남도 하동군 옥종면 궁항리 산74-4,3251.4
의령저수지,35.362321564926745,128.2566608732822,경상남도 의령군 용덕면 가미리 산72-7,3232.3
평암저수지,35.15020556026031,128.38565128324146,경상남도 창원시 마산합포구 진전면 평암리 산478-9,3197.9
웅양저수지,35.83068886950848,127.9310002568192,경상남도 거창군 웅양면 산포리 산265-1,3185.0
임고저수지,36.045389921330575,129.06715210814733,경상북도 영천시 임고면 사리 산160-7,3179.5
효곡저수지,35.13143018130826,127.54122084811506,전라남도 구례군 간전면 금산리 334-1,3120.3
임천저수지,34.61219565081957,126.74483137139288,전라남도 강진군 강진읍 임천리 443-2,3093.6
용설저수지,37.055540168948845,127.44457447807324,경기도 안성시 죽산면 용설리 산24-3,2932.4
죽계저수지,35.52457276796724,127.2383918945014,전북특별자치도 임실군 삼계면 죽계리 산20-1,2828.0
방동저수지,35.37474216563392,127.99719820713489,대전광역시 서구 봉곡동 산1-14,2820.5
삼기저수지,36.718556686262886,127.62424852873863,충청북도 증평군 증평읍 율리 산80-3,2811.2
길용저수지,35.3156957500944,126.42463489769406,전라남도 영광군 백수읍 길용리 산104-4,2804.0
무극저수지,36.974405675723965,127.61651182582524,충청북도 음성군 음성읍 사정리 산150-13,2791.0
인정저수지,38.310252206472654,128.4265697463765,강원특별자치도 고성군 간성읍 선유실리 산10-1,2765.0
중흥저수지,36.57266291084034,127.1722719613805,충청남도 공주시 의당면 중흥리 377-2,2679.6
풍전저수지,36.77857061935023,126.42353357991227,충청남도 서산시 인지면 풍전리 230-4,2621.2
하이저수지,34.94868117322498,128.1392081152824,경상남도 고성군 하이면 와룡리 산138-2,2593.9
옥녀저수지,35.94751772540976,126.62744378987296,전북특별자치도 군산시 개사동 1217,2577.8
구시저수지,34.48855000132716,126.55563385043992,전라남도 해남군 현산면 구시리 산229-2,2549.3
궁유저수지,35.43023949864244,128.21528039946492,경상남도 의령군 궁류면 벽계리 산6-1,2514.5
청기저수지,36.789641722727005,129.0664674746173,경상북도 영양군 청기면 당리 16,2477.0
봉성저수지,35.20725541062632,128.42920138451683,경상남도 함안군 함안면 강명리 산88,2470.0
정안저수지,36.37156117025651,127.96035026778355,충청남도 공주시 정안면 고성리 산1-4,2460.1
묵계저수지,35.22465493085971,127.73863758836362,경상남도 하동군 청암면 묵계리 산71-13,2458.0
오남저수지,37.69523554672351,127.22238807010808,경기도 남양주시 오남읍 오남리 산58,2435.1
고시저수지,34.94696790039082,127.06993862914952,전라남도 화순군 한천면 고시리 산88-1,2426.7
만봉저수지,34.91015331972269,126.7734492554638,전라남도 나주시 봉황면 만봉리 412-1,2408.0
율현저수지,35.42127276376858,127.97197541648488,경상남도 산청군 신등면 율현리 산21-3,2294.1
운주저수지,34.60623341354583,126.88193875877074,전라남도 장흥군 용산면 운주리 742,2286.8
중산저수지,34.838030803966454,127.5622708175006,충청북도 충주시 수안보면 중산리 산55-9,2270.0
왕동저수지,35.195717051084856,126.71404847281494,광주광역시 광산구 왕동 산136-13,2265.4
화산곡저수지,35.95483108361276,129.17710772674377,경상북도 경주시 안강읍 두류리 산24,2234.3
생곡저수지,37.676506866473936,128.2371704872074,강원특별자치도 홍천군 서석면 생곡리 산54-8,2230.0
월남저수지,34.73233973954431,126.72236559514688,전라남도 강진군 성전면 월남리 산264-3,2225.0
궁산저수지,35.4824508715837,126.5258681439947,전북특별자치도 고창군 해리면 금평리 1335-4,2210.0
추풍령저수지,36.22093717025352,128.02973980044314,충청북도 영동군 추풍령면 추풍령리 산18-12,2205.0
월천저수지,35.145796791910975,126.40755602631972,전라남도 함평군 손불면 월천리 1173,2203.8
장현저수지,37.72768033157328,128.89213947592347,강원특별자치도 강릉시 장현동 산20-1,2176.0
기천저수지,37.17211328463368,126.91177468350648,경기도 화성시 팔탄면 기천리 산1-3,2163.6
옥곡저수지,35.99370072161483,126.825145439895,전북특별자치도 군산시 성산면 대명리 263-2,2114.0
진례저수지,35.22580163336535,128.73707782585038,경상남도 김해시 진례면 신안리 산98-3,2095.0
괴목저수지,35.919379700805834,127.7178529672336,전북특별자치도 무주군 적상면 괴목리 산120-23,2083.0
송면저수지,36.626694522417466,127.9075469622268,경상북도 상주시 화북면 입석리 산1-16,2078.4
칠동저수지,34.838031537688025,127.24939528042688,전라남도 보성군 벌교읍 옥전리 산71-7,2059.5
홍양저수지,36.5887922306971,126.7079752651335,충청남도 홍성군 홍성읍 구룡리 83-6,2057.4
성전저수지,34.7344909087891,126.67864311165006,전라남도 강진군 성전면 월하리 산162-3,2048.1
서암저수지,35.36726989928352,128.242657695654,경상남도 의령군 가례면 괴진리 산19-6,2002.2
장척저수지,35.43408262890385,128.4934112891752,경상남도 창녕군 영산면 봉암리 209-2,2000.4
지천저수지,35.96928199113101,128.48742211278451,경상북도 칠곡군 지천면 창평리 620-3,1978.0
갈평저수지,36.47209307673732,129.13398635748342,경상북도 청송군 진보면 괴정리 288,1963.2
송선저수지,35.82321259658094,129.074732208745,경상북도 경주시 건천읍 송선리 893-1,1962.2
화매저수지,36.52229103531688,129.18683548214133,경상북도 영양군 석보면 화매리 631-1,1959.0
소수저수지,36.87157304926742,127.71646487537842,충청북도 괴산군 소수면 길선리 182-2,1942.0
왕궁저수지,35.99687850393396,127.1024648597434,전북특별자치도 익산시 왕궁면 동용리 산71-4,1941.0
복안저수지,35.68921890602961,129.14974939758844,울산광역시 울주군 두서면 미호리 산162-1,1934.5
장연저수지,36.35576917835443,127.76736640698252,충청북도 옥천군 청성면 장연리 산55-2,1906.0
오로저수지,36.17783887940444,128.53072096993515,경상북도 구미시 장천면 오로리 산24-1,1890.0
박달저수지,35.7389623876329,129.11340949049753,경상북도 경주시 내남면 박달리 산830-2,1890.0
외동저수지,35.42690212892234,129.21364127056626,전라남도 담양군 가사문학면 풍암리 산64-8,1873.6
개심저수지,36.19732442147501,127.6306434620409,충청북도 옥천군 이원면 개심리 483-3,1861.0
해평저수지,35.96516205609564,128.09659255195973,전라남도 보성군 득량면 해평리 산89-4,1853.0
당지저수지,36.06638544476563,128.83834893814583,경상북도 영천시 화산면 당지리 산23-10,1844.0
왕신저수지,35.94346283279968,129.2913902082884,경상북도 경주시 강동면 왕신리 산87-8,1839.0
동면저수지,36.80630788237322,129.02925964762704,경상북도 봉화군 재산면 동면리 산208-1,1835.0
사산저수지,35.66519193014752,126.68261184448434,전북특별자치도 부안군 주산면 사산리 산35-5,1827.0
내봉저수지,34.55055365586719,127.20014800325652,전라남도 고흥군 도덕면 봉덕리 산57-3,1800.0
성연저수지,36.44346584602592,126.62636222898549,충청남도 보령시 청소면 성연리 산77,1788.9
쌍봉저수지,34.881026605432005,127.0509382039187,전라남도 화순군 이양면 쌍봉리 산62-6,1788.8
부석저수지,36.99411165275084,128.63548504244696,경상북도 영주시 부석면 소천리 740,1785.2
창내저수지,35.52401498916764,126.63838610364736,전북특별자치도 고창군 부안면 검산리 산47-1,1780.0
천은저수지,35.26989337185338,127.4734245245729,전라남도 구례군 광의면 방광리 산1-35,1774.0
백천저수지,34.999011708225105,128.0886667475963,경상남도 사천시 백천동 산23-4,1736.5
부전저수지,35.53075536088718,126.9165355602146,전북특별자치도 정읍시 부전동 산148-1,1732.4
감돈저수지,34.88177302295684,126.47085427344088,전라남도 무안군 일로읍 감돈리 산33-2,1692.0
명계저수지,35.72293083059795,129.24520570211837,경상북도 경주시 내남면 명계리 산114-8,1670.0
창림저수지,36.22274876421592,128.39573325618042,경상북도 구미시 해평면 창림리 산58-3,1649.5
해원저수지,34.37494867639811,126.54086400838476,전라남도 해남군 송지면 마봉리 1132-27,1621.5
대승저수지,35.85966327723919,127.29576750632856,경상북도 영천시 금호읍 오계리 산32,1619.0
애당저수지,35.574722190848235,126.81051760190124,전북특별자치도 정읍시 소성면 주천리 산23-1,1587.0
두량저수지,35.1140143122488,128.12167313184997,경상남도 사천시 사천읍 두량리 1541-2,1567.3
청상저수지,36.32611173768017,128.1492268059939,경상북도 상주시 청리면 청하리 산5-5,1556.0
한계저수지,36.60450510423262,127.56002101006968,충청북도 청주시 상당구 가덕면 한계리 산43-14,1550.0
동해저수지,34.4432864341596,126.63931808884608,전라남도 해남군 북평면 동해리 산38,1522.3
고서저수지,34.75803174555229,125.90404034405488,전라남도 신안군 비금면 고서리 산105-5,1521.0
송단저수지,35.196097618721666,127.17772579913309,전라남도 화순군 백아면 방리 산156-3,1507.5
신반월저수지,35.75055381815667,127.4555848549655,전북특별자치도 진안군 진안읍 반월리 산95-6,1507.0
잠홍저수지,36.79345269893099,126.49197257322857,충청남도 서산시 잠홍동 335-17,1485.0
모점저수지,37.15573839671591,127.73447805810072,충청북도 충주시 앙성면 모점리 산62-6,1484.6
천락저수지,35.49697726788393,128.29585100514993,경상남도 의령군 봉수면 천락리 397-1,1450.7
우목저수지,36.442361435728095,127.0078804314406,충청남도 공주시 우성면 용봉리 산48-4,1430.1
송석저수지,34.842875923048574,126.71522156860948,충청남도 예산군 대술면 송석리 산35-3,1415.6
설악저수지,38.12229085972581,128.54090211200236,강원특별자치도 양양군 강현면 둔전리 산1-5,1403.0
효촌저수지,37.87500246215437,126.96563034659545,경기도 양주시 남면 두곡리 산16,1395.0
추암저수지,35.34455960303891,126.73468468232672,전라남도 장성군 서삼면 추암리 60-7,1395.0
운대1저수지,34.64228915275595,127.32669225224764,전라남도 고흥군 두원면 운대리 산240-7,1388.0
무을저수지,36.26855518519843,128.15599284258855,경상북도 구미시 무을면 상송리 756,1387.4
좌운저수지,37.6410461941332,128.0339602489598,강원특별자치도 홍천군 영귀미면 좌운리 산249-1,1368.0
요룡저수지,36.52938724386431,127.13882900742692,충청남도 공주시 의당면 요룡리 산12-9,1364.0
우치저수지,34.873523613127674,126.90576505820192,전라남도 화순군 도암면 우치리 산57-5,1356.6
고경저수지,35.96806424888155,129.11322225256885,경상북도 영천시 고경면 청정리 산121-5,1345.5
광곡저수지,35.75097241425663,127.17222197016464,전북특별자치도 완주군 구이면 광곡리 산74-1,1339.0
봉재저수지,36.87381755660328,127.03003296270256,충청남도 아산시 둔포면 봉재리 316-10,1337.8
둔전저수지,34.53013190551663,126.3182760073705,전라남도 진도군 군내면 세등리 763-2,1316.0
원암저수지,38.20516095140658,128.49964425203493,강원특별자치도 속초시 노학동 산1,1305.5
소향저수지,36.00431618896318,127.28255742213116,전북특별자치도 완주군 고산면 소향리 산13-3,1304.0
당전저수지,34.528591030013864,126.82826577955056,전라남도 강진군 대구면 용운리 585,1297.2
천태저수지,36.517827222419584,126.74622261574751,충청남도 홍성군 장곡면 천태리 522-3,1290.0
수룡저수지,36.75368762913618,126.23324714193414,충청남도 태안군 근흥면 수룡리 409-17,1285.0
소성저수지,36.020487682613656,128.24047339019197,경상북도 성주군 초전면 소성리 산74-5,1280.0
소태저수지,35.570615036130256,128.62186668210478,경상남도 밀양시 청도면 소태리 570-1,1269.1
개천저수지,35.36182989040078,129.27809831751173,경상북도 의성군 안계면 위양리 산11-9,1259.0
양화저수지,35.010786512259216,128.2869403679734,경상남도 고성군 대가면 연지리 산3-2,1257.3
노동저수지,34.74339133037309,126.56388362010358,전북특별자치도 고창군 고창읍 노동리 산11-1,1247.5
기사저수지,36.44151756309459,129.1835820304356,경상북도 영덕군 지품면 기사리 산33-1,1242.0
적량저수지,35.10495688585198,127.75287099539838,경상남도 하동군 적량면 우계리 산112-16,1237.0
두창저수지,37.14765819751712,127.33744051382726,경기도 용인시 처인구 원삼면 두창리 산107-2,1223.4
삼화저수지,35.133618019422784,127.75771972030915,경상남도 하동군 적량면 서리 산41-1,1208.9
갈천저수지,35.03268173464361,128.24995316739935,경상남도 고성군 대가면 갈천리 산141-13,1207.9
월산2저수지,35.352585250306994,126.8932823577206,전라남도 담양군 월산면 용흥리 산70-3,1185.9
흑석저수지,35.28221890683309,127.2096991298691,전라남도 곡성군 입면 약천리 산154,1178.4
향양저수지,35.549573171078855,127.85630598201011,경상남도 산청군 생초면 향양리 산37-2,1176.8
풍년저수지,36.89594080057834,127.22555822000652,충청남도 천안시 서북구 입장면 시장리 산8-11,1172.4
용평저수지,36.07349202762028,128.06987080372406,전북특별자치도 남원시 보절면 도룡리 산16-1,1161.3
육동저수지,34.29632746890538,126.07312870912251,경상북도 경산시 용성면 부일리 산54-2,1154.1
노홍저수지,35.757277255407494,128.44213178761586,대구광역시 달성군 논공읍 노이리 산247-4,1153.3
매현저수지,36.3516308465089,129.2954495133112,경상북도 영덕군 달산면 옥산리 산4-7,1147.2
대위저수지,35.92307836285372,126.7630981051021,전북특별자치도 군산시 회현면 고사리 산1-2,1147.0
충도저수지,36.908791401501006,127.73060437157656,충청북도 음성군 소이면 충도리 산30-15,1140.0
쌍정저수지,34.47580784501046,126.27182606425336,전라남도 영암군 영암읍 개신리 산28-7,1138.0
성양저수지,34.77585912076649,126.6415813704284,전라남도 영암군 군서면 성양리 산35,1136.7
신항저수지,36.851440692802335,127.77769316970534,충청북도 괴산군 괴산읍 신항리 산123-2,1133.8
덕암저수지,35.37189173364405,128.2624560031361,경상남도 의령군 용덕면 이목리 산180-2,1129.7
경포저수지,37.77990933361984,128.86156525115163,강원특별자치도 강릉시 죽헌동 산42-2,1127.0
구림저수지,34.73142586810529,126.32475127808952,전북특별자치도 순창군 구림면 월정리 산158-4,1127.0
창수저수지,36.59346902112367,129.23837713357685,경상북도 영덕군 창수면 창수리 산40-4,1116.0
덕가저수지,36.50198589459466,128.2060446289014,경상북도 상주시 사벌국면 덕가리 산170-3,1115.5
성송저수지,35.3434418167695,126.65021291115984,전북특별자치도 고창군 성송면 암치리 산73-9,1109.0
흥업저수지,37.28084398240084,127.90657877447596,강원특별자치도 원주시 흥업면 매지리 1432,1098.0
신휴저수지,36.89156105577037,127.07575951601424,충청남도 아산시 음봉면 신휴리 산44-1,1090.4
굴운저수지,37.73048959290644,127.96213255865548,강원특별자치도 홍천군 화촌면 굴운리 산166-1,1079.0
옥실저수지,35.17272842552164,126.37932164461104,전라남도 영광군 염산면 옥실리 1476,1078.6
보통저수지,37.19304605938992,126.9747658322809,경기도 화성시 정남면 보통리 493-1,1070.8
홍동저수지,34.623912088761934,127.25615727742532,충청남도 홍성군 장곡면 지정리 산81,1063.8
판곡저수지,36.424484043115285,127.98274246128734,경상북도 상주시 화동면 판곡리 산126-3,1062.0
돈답저수지,36.75116910752344,128.716425216255,경상북도 예천군 감천면 돈산리 1-4,1061.0
솔기저수지,35.29388232634504,128.02777083964304,경상남도 진주시 명석면 신기리 산101-1,1058.6
소암저수지,36.83729726577885,127.7047877024536,충청북도 괴산군 소수면 소암리 산110-1,1050.7
석포저수지,35.61432824820042,126.6047366312477,전북특별자치도 부안군 진서면 석포리 산72-6,1040.0
황락저수지,36.72048256880522,126.57365030092346,충청남도 서산시 해미면 황락리 산46-1,1038.5
도리저수지,35.32573957095424,128.0374570015438,경상남도 산청군 생비량면 도리 산74-1,1035.9
담안저수지,34.695847996319,126.99075409899343,전라남도 보성군 웅치면 대산리 산67-1,1035.0
초대저수지,36.90304740091994,126.74014732555084,충청남도 당진시 신평면 초대리 428-2,1026.0
오원저수지,37.43594932126459,128.10631037786413,강원특별자치도 횡성군 우천면 오원리 산38-3,1024.0
연봉2저수지,34.669476697051074,127.35206122884088,전라남도 고흥군 점암면 연봉리 814,1020.0
애룡저수지,37.826462070533786,126.85932316794694,경기도 파주시 법원읍 삼방리 산1-5,1014.6
우금저수지,37.82763435512175,127.21178381870406,경기도 포천시 가산면 우금리 715-3,1009.3
월악저수지,34.69943259811367,127.37398686538587,전라남도 고흥군 남양면 장담리 산205-2,1002.0
조연저수지,37.94708699200963,127.76883724128108,강원특별자치도 춘천시 신북읍 유포리 555-3,1000.0
석우저수지,35.63040594493179,126.77673410877482,전북특별자치도 정읍시 고부면 장문리 산1-3,991.0
명관저수지,35.23187610005158,128.33649059484785,경상남도 함안군 군북면 명관리 산72,974.0
문산저수지,36.14311682946382,126.74666545130802,충청남도 서천군 문산면 신농리 25-11,973.2
언별저수지,37.65950005604357,128.92199645345823,강원특별자치도 강릉시 강동면 언별리 1432-21,972.0
손곡저수지,37.22185479165764,127.79644786088296,강원특별자치도 원주시 부론면 손곡리 산158-3,969.0
벽남저수지,35.68669359253183,127.58309761147574,전북특별자치도 장수군 계남면 화음리 산93,969.0
복성저수지,37.10767396058601,127.71853740862404,충청북도 충주시 앙성면 지당리 산149-1,967.0
산막저수지,36.11455828247946,127.78643110058128,충청북도 영동군 양강면 산막리 산13-4,955.0
업성저수지,36.84850120352417,127.13563846538165,충청남도 천안시 서북구 업성동 412-6,952.0
남사저수지,35.90656513058395,129.140587429584,경상북도 경주시 현곡면 남사리 94-3,952.0
우천저수지,37.441236212223984,128.05669484666484,강원특별자치도 횡성군 우천면 법주리 73-10,949.0
미포저수지,36.58011178628625,126.3599077285552,충청남도 태안군 안면읍 창기리 산10-469,946.8
문광저수지,36.76750733356177,127.74876425224086,충청북도 괴산군 문광면 신기리 산77-1,945.2
흥사저수지,35.09161976415169,127.99927824049678,경상남도 사천시 곤양면 흥사리 산56,937.8
석동저수지,35.9878403890264,129.4725848759837,충청남도 금산군 남이면 석동리 554-2,927.6
율어저수지,34.87799820740777,127.23288455250746,전라남도 보성군 율어면 유신리 408-8,927.1
안덕저수지,35.68371345676358,127.09445442586956,전북특별자치도 완주군 구이면 안덕리 산31-4,924.0
초당저수지,37.3872622348783,129.20428633766525,강원특별자치도 삼척시 근덕면 상맹방리 산124,921.9
마곡저수지,35.355091497865324,127.39929646054256,전북특별자치도 남원시 수지면 고평리 1337,920.0
연소저수지,34.827052854547,126.7796945399568,전라남도 영암군 금정면 연소리 산107-8,920.0
응석저수지,35.29106298924531,128.06059723738852,경상남도 진주시 집현면 정평리 산99,912.1
봉현저수지,34.973315508646586,128.13454335182695,경상남도 사천시 사남면 계양리 산99-6,910.4
청웅저수지,35.5813335448365,127.1884739065964,전북특별자치도 임실군 청웅면 구고리 산62-3,908.0
성지저수지,35.90688163473384,129.28074554715235,경상북도 경주시 천북면 성지리 411-2,902.9
탄동저수지,35.02994515237397,126.17827445352484,전라남도 신안군 지도읍 탄동리 산219-4,900.0
어천저수지,37.25480055097369,126.91705270552356,경기도 화성시 매송면 어천리 산41-2,893.7
고기저수지,35.37692485587622,127.50767960932124,전북특별자치도 남원시 주천면 고기리 산89-5,887.0
강진저수지,36.15565216514835,127.96318042798612,충청북도 영동군 매곡면 강진리 산71-1,879.0
양신저수지,35.46947106476228,127.01240363171252,전북특별자치도 순창군 쌍치면 양신리 산122-7,877.9
은곡저수지,35.70595642715056,127.03578864826676,충청남도 청양군 장평면 적곡리 169-1,866.5
차리저수지,35.64014367186153,129.11261161900097,울산광역시 울주군 두서면 차리 386-1,865.8
남북저수지,36.062522089045,128.27706111711083,경상북도 김천시 남면 부상리 1120,863.7
노구저수지,34.85896498093584,127.8355787248665,경상남도 남해군 서면 노구리 산69-3,857.4
수락저수지,35.351953016848825,127.4661481079688,충청남도 논산시 벌곡면 수락리 217-2,856.3
낙생저수지,37.352121267318665,127.07543837470166,경기도 성남시 분당구 동원동 산67-7,855.8
선암저수지,35.51670500961976,129.32821557008447,전북특별자치도 김제시 금구면 선암리 산3-3,853.4
삼가저수지,35.890977402752455,127.66055246736713,경상남도 의령군 대의면 행정리 산24-1,853.2
강선저수지,35.055923309667904,127.79494920652029,경상남도 하동군 적량면 고절리 산94-2,846.8
일대저수지,35.52563828684582,127.59622168700328,전북특별자치도 남원시 아영면 일대리 975-2,843.9
운남저수지,37.18037630533894,127.91293091203448,강원특별자치도 원주시 귀래면 운남리 산38-7,839.0
동곡저수지,36.14612279558333,127.54923010625544,충청남도 금산군 제원면 동곡리 257,826.4
백호저수지,34.54979631744921,126.65001717026166,전라남도 해남군 옥천면 백호리 산167-2,826.0
주봉저수지,36.86670477135598,127.67653634698392,충청북도 음성군 원남면 주봉리 산172-5,825.0
화원1저수지,34.64277607159651,126.3111049315572,전라남도 해남군 화원면 장춘리 792-3,821.6
금마저수지,35.99920627603119,127.05325960437612,전북특별자치도 익산시 금마면 동고도리 산95-1,818.0
월매저수지,36.21674398750126,129.01776773115208,경상북도 청송군 현동면 월매리 산48-2,818.0
직지저수지,36.12959283874379,128.0178424589391,경상북도 김천시 대항면 향천리 785,815.8
황계저수지,37.22098125817486,126.9999976529245,경상남도 합천군 용주면 황계리 산124-2,807.7
대장저수지,34.59834841058804,126.08402540195829,전라남도 신안군 신의면 상태서리 157-2,805.8
기지저수지,35.594244212633704,129.14443831031596,전북특별자치도 전주시 덕진구 장동 131-1,799.2
창봉저수지,37.58105735925977,127.92185902543152,강원특별자치도 횡성군 공근면 창봉리 산135-1,799.0
강사저수지,36.03167524560723,129.57180482644998,경상북도 포항시 남구 구룡포읍 석병리 산11-21,794.2
어옥저수지,35.31606163760058,128.133284941385,경상남도 진주시 미천면 어옥리 산63-1,791.7
점곡저수지,36.44252174856262,128.79071330895556,경상북도 의성군 점곡면 동변리 산109-5,791.0
송평저수지,34.43984783660829,126.47690677401704,충청북도 보은군 마로면 갈평리 546-17,787.8
예전저수지,35.367326277631925,126.53564945468275,전북특별자치도 고창군 공음면 예전리 산14-4,787.0
외선미저수지,36.76110800269558,129.32475605260515,경상북도 울진군 온정면 외선미리 740,786.0
송당저수지,36.27771310927119,127.1114740900172,제주특별자치도 제주시 구좌읍 송당리 379,784.0
내태저수지,35.9159258728369,129.15448758566345,경상북도 경주시 현곡면 래태리 512-4,783.8
척정저수지,35.02720178783421,128.29771620444586,경상남도 고성군 대가면 척정리 산215-5,777.4
동향저수지,35.30159132634393,128.09413953845052,경상남도 진주시 미천면 향양리 산212-1,775.9
월가저수지,34.49472438296563,126.2894056023188,전라남도 진도군 군내면 월가리 산6,773.0
호민저수지,36.565799778451535,128.514057484818,경상북도 안동시 풍천면 갈전리 434-11,769.6
인담저수지,35.105235047676715,128.1686598038534,경상남도 진주시 금곡면 인담리 산191-1,767.6
중화저수지,35.74336013041089,128.25313771936834,경상북도 고령군 대가야읍 중화리 산6-1,765.0
수성저수지,34.49545325156412,126.2469207622073,대구광역시 수성구 두산동 940-2,752.0
용진저수지,35.90331687857943,127.19900257087156,전북특별자치도 완주군 용진읍 간중리 산27-1,750.0
개암저수지,35.660121589684955,126.6602170848588,전북특별자치도 부안군 상서면 감교리 산93-9,745.0
연죽저수지,34.821533015689305,127.86676482633538,경상남도 남해군 서면 연죽리 815,744.0
속곡저수지,36.47449047496889,129.2582429650034,경상북도 영덕군 지품면 속곡리 산30-2,737.0
달서저수지,36.03422436833315,128.48262594860813,경상북도 칠곡군 지천면 황학리 산57-2,736.0
매원저수지,35.996803267628735,128.4503441374318,경상북도 칠곡군 왜관읍 매원리 산19,735.5
덕중저수지,34.50899937520493,127.34546409495437,전라남도 고흥군 도화면 덕중리 산290-12,733.0
화성저수지,36.33630760303684,126.75399915872232,충청남도 부여군 외산면 화성리 산42-49,720.9
용풍저수지,37.12438307048233,127.59108582071096,경기도 이천시 장호원읍 송산리 산13-2,715.0
장군저수지,37.076088311582815,127.62989987744204,충청북도 음성군 감곡면 원당리 산3-1,706.0
심동저수지,34.611603143142986,126.32527910557997,전라남도 진도군 지산면 심동리 산75-5,704.0
대보저수지,36.06155753026437,129.55708208495963,경상북도 포항시 남구 호미곶면 대보리 산24-2,702.8
도척저수지,37.28617282682378,127.30923790496789,경기도 광주시 도척면 유정리 산26-10,700.6
동교저수지,37.85000344914203,127.1238277974482,전라남도 순천시 낙안면 동내리 211,699.8
하분저수지,34.477419143879224,126.85232467494473,전라남도 강진군 마량면 상흥리 산64-3,699.0
김전저수지,35.72794682142029,128.85071638294727,경상북도 청도군 금천면 김전리 산211-1,699.0
금반저수지,35.224936457550946,127.24172268028504,전라남도 곡성군 삼기면 금반리 373-2,695.8
달성저수지,35.43344439816385,126.79055623354272,전라남도 장성군 북이면 달성리 산11-1,694.9
주항저수지,36.1573685659524,126.56627926427822,충청남도 서천군 서면 월리 375-87,690.7
천망저수지,34.44830967913351,126.24604629087035,전라남도 진도군 의신면 칠전리 1979,690.0
모암저수지,35.37369247813222,126.75252572164744,전라남도 장성군 서삼면 모암리 575-5,682.0
매전저수지,36.81625039621249,127.8820570893932,충청북도 괴산군 감물면 매전리 산41-1,682.0
수산저수지,33.47151570779374,126.3879867923456,제주특별자치도 제주시 애월읍 수산리 793-4,681.0
모화저수지,35.69144932495967,129.34851597200927,경상북도 경주시 외동읍 모화리 산19-12,670.7
청량저수지,37.65916137012567,128.22281055637782,강원특별자치도 홍천군 서석면 청량리 산173-3,662.0
금주저수지,37.975036666090354,127.26989074536355,경기도 포천시 영중면 금주리 산42,654.1
진죽저수지,36.45137833302645,126.57746034216102,충청남도 보령시 청소면 진죽리 914-1,654.0
강운저수지,35.09720965469511,126.55036647020664,전라남도 함평군 대동면 강운리 산31-4,650.3
연보저수지,34.83579108982811,126.7449071634794,전라남도 영암군 금정면 연보리 산154-1,646.8
불모산저수지,35.18666802802262,128.72425032611457,경상남도 창원시 성산구 성주동 545-5,646.7
이담저수지,36.85590962170928,127.87981152892552,충청북도 괴산군 감물면 백양리 산48-2,644.0
상오안저수지,37.64018147994991,127.81744555277255,강원특별자치도 홍천군 홍천읍 상오안리 산2-8,639.0
명주저수지,34.55430064275147,126.8601602521444,전라남도 강진군 칠량면 명주리 산60-2,639.0
노티저수지,36.513657794106045,127.66930764484424,충청북도 보은군 보은읍 노티리 산27,633.0
우곡저수지,35.360735995224815,128.23818722426748,경상남도 김해시 진영읍 우동리 산95-4,628.8
모령저수지,34.63790685026938,126.97411929571196,전라남도 장흥군 안양면 모령리 596-6,626.0
취병저수지,37.32367783307865,127.789987839108,강원특별자치도 원주시 문막읍 취병리 665-3,625.0
입장저수지,36.9071006840088,127.24743650622942,충청남도 천안시 서북구 입장면 기로리 86-11,622.0
비룡담저수지,37.18747646932613,128.20348422065095,충청북도 제천시 송학면 도화리 969-6,621.0
노단이저수지,35.52515141525221,128.56914199318413,경상남도 창녕군 창녕읍 옥천리 산184-1,618.0
효천저수지,36.46221278028996,128.3683428693288,경상북도 의성군 다인면 도암리 31-7,615.0
연경저수지,35.96560963746913,128.61210206893324,대구광역시 북구 연경동 산107-10,613.2
승월저수지,34.637548588378955,127.76672262133852,전라남도 여수시 돌산읍 서덕리 549-4,613.0
화죽저수지,34.71807612385584,127.11070580461212,전라남도 보성군 회천면 화죽리 산33-1,610.3
상항저수지,35.55210689438113,128.67925502783012,경상남도 밀양시 부북면 대항리 산26-4,606.9
황령저수지,36.535049388739935,128.01969111052907,경상북도 상주시 은척면 황령리 산40-1,606.0
우본저수지,36.628360563361866,128.28713274247997,경상북도 예천군 용궁면 송암리 367-6,605.0
원수저수지,36.02354863885735,127.091344103503,전북특별자치도 익산시 여산면 원수리 산88-116,602.0
모월저수지,36.71308067165658,126.44354717468256,충청남도 서산시 양대동 743,601.0
화원2저수지,34.65093814357043,126.28434094256184,전라남도 해남군 화원면 산호리 1425,599.6
답천저수지,35.15258170495156,128.2899429445831,경상남도 진주시 일반성면 답천리 산39,598.3
도기저수지,36.86480186060214,128.22434921036063,충청북도 제천시 덕산면 도기리 602-31,596.7
발랑저수지,37.80687927443497,126.90500931979705,경기도 파주시 광탄면 발랑리 29-3,596.0
상암저수지,34.743893400464046,125.93003423377743,전북특별자치도 고창군 부안면 상암리 산42-1,592.0
부안저수지,34.52330212320865,126.94271258674593,전라남도 장흥군 관산읍 외동리 산118-3,592.0
옥관저수지,36.32156834111511,128.24859749577118,경상북도 구미시 옥성면 옥관리 산125-3,591.4
관춘저수지,34.57562443981636,126.3892212840625,전라남도 해남군 황산면 관춘리 932-10,591.0
냉천저수지,34.877816948551136,126.70412315179104,전라남도 영암군 신북면 이천리 산63-2,589.5
범화저수지,36.09206024825364,127.7310377657412,충청북도 영동군 학산면 범화리 산54-1,586.0
수야저수지,35.682077042123275,128.6471075710197,경상북도 청도군 이서면 수야리 산16-6,584.0
용궁저수지,35.09955620535545,128.2902758207099,전라남도 나주시 세지면 대산리 산121-4,583.6
정석저수지,35.288999196283406,127.08345036975103,전라남도 담양군 무정면 정석리 산13-3,581.5
춘동저수지,34.70044024635496,126.55278281559404,전라남도 영암군 미암면 춘동리 499-11,579.2
진봉저수지,34.92093576869689,127.09470161027052,전라남도 보성군 복내면 진봉리 산50-8,579.0
서대저수지,34.87892663784209,127.9883659304803,충청북도 옥천군 안내면 서대리 126-3,578.0
원부저수지,37.1495571668872,127.65669590415465,경기도 여주시 점동면 관한리 434-6,576.0
임수저수지,34.695690422432115,127.0020045133691,전라남도 보성군 웅치면 대산리 산136-6,575.1
두산저수지,37.54204822101325,127.15187899906532,울산광역시 울주군 범서읍 두산리 산1-1,570.7
황둔저수지,37.24401737797507,128.1972648139349,강원특별자치도 원주시 신림면 황둔리 산20-5,570.0
용치저수지,35.008505853910734,128.07708568317904,경상남도 사천시 용현면 구월리 산40-1,566.0
요고저수지,35.571351692721535,128.65804190260377,경상남도 밀양시 청도면 요고리 산548-1,563.3
조박저수지,35.9812424345748,129.3502941362867,경상북도 포항시 남구 연일읍 인주리 420,562.9
구계저수지,35.45958840105745,128.5471328813836,경상남도 창녕군 영산면 교리 산28-4,561.3
평정저수지,36.55675501186714,127.08085990436182,충청남도 공주시 정안면 평정리 373-4,557.6
보미저수지,36.36505056778443,127.92001349632544,경상북도 상주시 화동면 보미리 산50-1,557.1
감물저수지,35.46303841747424,128.8735552430184,경상남도 밀양시 단장면 감물리 1413-3,554.6
유유저수지,35.635471106529444,126.50853069797613,전북특별자치도 부안군 변산면 마포리 산113,552.2
권이저수지,35.85681945846879,129.43577987120105,경상북도 경주시 문무대왕면 권이리 276-6,550.0
선고저수지,36.89105789406639,128.1935620875884,충청북도 제천시 덕산면 선고리 602,549.0
하산저수지,34.72966940628585,126.96632855234353,전라남도 장흥군 장동면 하산리 247-7,545.0
작천저수지,34.68378576002138,126.78256096703292,전라남도 강진군 작천면 평기리 산1-6,544.4
노안1저수지,35.08581475766415,126.70741391724052,전라남도 나주시 노안면 안산리 478,543.9
운호저수지,35.60531621090934,126.5504900086714,전북특별자치도 부안군 진서면 운호리 산1-77,542.2
삼덕저수지,35.0951906916582,128.38027801768962,경상남도 고성군 회화면 삼덕리 산152-2,542.1
품산저수지,35.84725279823462,129.08613460349832,경상북도 경주시 건천읍 천포리 787-6,540.0
정자저수지,35.60779807638134,129.41000727698614,울산광역시 북구 무룡동 산136-3,538.3
천곡2저수지,35.349546654598235,128.1364828180232,경상남도 의령군 대의면 천곡리 산58-1,537.3
하당저수지,36.90955564094549,127.6675919204436,충청북도 음성군 원남면 하당리 산54-1,532.2
영마저수지,35.27229976202692,126.58451524942448,전라남도 영광군 대마면 송죽리 산19-12,532.0
손항저수지,35.43521805317099,127.98177750587148,경상남도 산청군 신등면 장천리 산93-5,531.5
입실저수지,35.72099574540229,129.3566681401577,경상북도 경주시 외동읍 입실리 산27-10,531.0
가수저수지,35.31329869527404,128.18885662273817,경상남도 의령군 화정면 가수리 산161-2,530.0
자산저수지,35.96623135603965,128.21560173791087,경상북도 성주군 벽진면 자산리 산181-1,527.4
월랑저수지,34.90639817716053,126.66518060408984,충청남도 아산시 음봉면 월랑리 197-5,523.5
연제저수지,36.62912966636574,127.32191443751375,충청북도 청주시 흥덕구 오송읍 연제리 900,519.3
공암저수지,35.53450676146356,129.09560346998552,울산광역시 울주군 삼남읍 가천리 229-4,517.0
누교저수지,36.16752417579606,127.6248757721704,충청북도 영동군 양산면 누교리 산83-2,517.0
매정저수지,36.79635611283334,128.79695461076471,경상북도 안동시 녹전면 매정리 산153-1,516.4
맥포저수지,34.839227880964856,126.46350353771057,전라남도 무안군 삼향읍 용포리 395,515.0
박석저수지,36.4949401291935,127.77450920045436,충청북도 보은군 장안면 장재리 산4-3,513.7
제산저수지,34.790518460982526,126.9425274493958,전라남도 장흥군 장평면 제산리 790-10,511.0
갈전저수지,35.275617688508504,128.46305382145292,울산광역시 울주군 언양읍 다개리 산95-1,502.6
노치저수지,35.1458408054752,127.16852070796416,전라남도 화순군 백아면 노치리 228-1,502.2
대맥저수지,36.73182773709237,128.55948451901074,경상북도 예천군 감천면 대맥리 산78-3,501.0
유학저수지,36.07084471886483,128.4486638375123,경상북도 칠곡군 석적읍 성곡리 215-1,499.4
월티저수지,36.38345916808933,126.70040829044108,충청남도 보령시 청라면 나원리 204-2,496.0
미야저수지,34.3836687715238,126.51334229034526,전라남도 해남군 송지면 미야리 873-1,492.7
대암저수지,35.53968110616822,128.20423681619897,경상남도 합천군 율곡면 본천리 산173-4,491.0
화양저수지,35.470366872488654,126.91127190790236,전북특별자치도 순창군 복흥면 화양리 산4-1,490.7
방광저수지,35.2547336328909,127.46225858938844,전라남도 구례군 광의면 수월리 884,489.6
옥성저수지,36.274198959843154,128.24579610148757,충청북도 진천군 문백면 옥성리 산43-1,489.0
서하저수지,35.61327999446588,127.67420472830118,경상남도 함양군 서하면 운곡리 산32-1,484.9
유신저수지,37.0506097928938,127.62045670365478,충청북도 음성군 생극면 차평리 산33-5,484.5
금지저수지,34.887869313728544,126.62773058714498,전라남도 영암군 시종면 금지리 453-2,483.0
서랑저수지,37.17244427852639,127.01444394035056,경기도 오산시 서랑동 산42-39,482.8
횡계저수지,36.11821961677703,128.96085011613317,경상북도 영천시 화북면 횡계리 111,481.4
노천저수지,37.69334934798594,128.02361130498394,강원특별자치도 홍천군 영귀미면 노천리 산202-6,480.0
임화저수지,36.09713069368779,127.24060143563857,충청남도 논산시 양촌면 임화리 산27-2,480.0
불암저수지,36.16633303705096,128.54874086505544,경상북도 영천시 대창면 직천리 산115-1,479.4
대복저수지,34.61035763621758,127.7529259180238,전라남도 여수시 돌산읍 신복리 102-10,479.0
불목저수지,34.387285475746616,126.6880505595533,전라남도 완도군 군외면 불목리 689-1,474.0
내정저수지,35.40286841089219,127.929713904223,경상남도 산청군 산청읍 척지리 산113,473.9
송풍저수지,35.97294404181299,127.50725183406534,전북특별자치도 진안군 용담면 송풍리 산266-6,473.2
미후저수지,34.52750117630123,127.3420780934814,전라남도 고흥군 포두면 세동리 산126,464.0
평호저수지,35.05616115191834,126.50606597188668,대구광역시 군위군 소보면 평호리 산70-3,463.7
송악저수지,36.87894694904189,126.69598264089258,충청남도 당진시 송악읍 가교리 산67-1,463.0
사자저수지,34.77114568082108,126.72608291358382,전라남도 영암군 영암읍 개신리 산77-1,462.7
연장저수지,35.78467119642942,127.38900374409091,전북특별자치도 진안군 진안읍 연장리 1634,461.1
서포저수지,37.22374826276706,126.12408933742982,경상남도 하동군 진교면 고이리 산238,460.3
어촌저수지,36.137761642202506,127.98321727536091,충청북도 영동군 매곡면 어촌리 산107-4,460.0
외촌저수지,35.47145252787955,128.55042427445704,경상북도 경산시 용성면 외촌리 산110-1,459.0
저동저수지,35.15759877542338,128.23265628437926,경상남도 진주시 진성면 구천리 산154-1,454.8
상송저수지,36.274302646594094,128.16337723599207,전라남도 순천시 낙안면 상송리 산14-12,453.6
심원저수지,35.70446797131919,129.0190134984808,경상북도 경주시 산내면 일부리 산205-1,453.0
정산저수지,37.19332288301242,127.79918858848264,강원특별자치도 원주시 부론면 정산리 산92-1,452.0
탑곡저수지,35.420022141467705,129.19484221247237,경상남도 양산시 용당동 산28-2,451.8
궁항저수지,35.889657009581335,127.34096378933668,전북특별자치도 진안군 부귀면 궁항리 산93-16,451.3
국전저수지,35.463078899801154,128.90131050195427,경상남도 밀양시 단장면 국전리 산136-1,448.6
남포저수지,35.63862665878624,126.67067068408168,전북특별자치도 부안군 보안면 남포리 56-14,447.0
마정저수지,36.87634056982499,127.10293158390158,충청남도 천안시 서북구 직산읍 마정리 167,438.0
구상저수지,35.00514447006354,127.5454774119894,전북특별자치도 남원시 아영면 구상리 산59-6,436.3
남치저수지,34.90485249340016,127.88656407049064,경상남도 남해군 고현면 남치리 464,432.0
내연저수지,34.388837691353444,126.1531782781879,전라남도 진도군 임회면 연동리 1300-1,429.0
연덕저수지,35.522351482130496,127.6722820979184,경상남도 함양군 병곡면 연덕리 산110-6,428.7
거제저수지,34.855926715622275,128.60140754453465,경상남도 거제시 거제면 서상리 산14-1,428.1
삼방저수지,36.34524182481613,127.8507628998716,충청북도 옥천군 청산면 삼방리 산25-1,425.7
길곡저수지,35.42497139950525,128.56806340605914,경상남도 창녕군 길곡면 길곡리 516-1,425.0
월송저수지,34.677202839882945,127.37065035587965,강원특별자치도 춘천시 서면 서상리 산0-2,424.0
우동저수지,34.926400763683404,128.39927549325503,전북특별자치도 부안군 보안면 우동리 산130-12,417.7
의동저수지,36.328459245849125,127.84135755415468,충청북도 옥천군 청산면 의지리 산1,417.0
서마저수지,35.47512445912784,126.94588753018718,전북특별자치도 순창군 복흥면 서마리 산151-2,416.0
숭암저수지,36.18334949191244,127.49341332929404,충청남도 금산군 추부면 장대리 347-3,414.3
건등저수지,37.31440600568843,127.83636712515568,강원특별자치도 원주시 문막읍 건등리 259-100,414.0
명경저수지,36.256206797976255,127.5083231961286,충청북도 옥천군 군서면 상지리 산29,414.0
비봉저수지,36.02014593807004,127.1728857925277,전북특별자치도 완주군 비봉면 수선리 산34-4,405.0
신구저수지,35.48229177784441,128.45906811115327,충청남도 보령시 주산면 신구리 357-6,404.4
상용저수지,34.634886920538186,126.16165581997303,경상북도 상주시 화서면 상용리 311-10,402.2
화암저수지,35.07785667446152,128.10235266102538,충청남도 청양군 화성면 화암리 산116-2,400.5
운수저수지,37.02354188045721,127.16489818867358,경기도 안성시 원곡면 반제리 산59-1,399.4
송라저수지,37.28274860703803,126.90343808809128,경기도 화성시 매송면 송라리 산2-3,395.6
오사저수지,35.01081122366184,127.75273505866978,전라남도 광양시 진월면 신구리 산115-1,395.0
유암저수지,37.12644997994095,128.25024490501596,충청북도 제천시 두학동 산27-4,394.0
신금저수지,34.982420381229566,127.7074825610388,전라남도 광양시 옥곡면 신금리 831,393.0
등암저수지,34.59293823126242,127.26323548328578,전라남도 고흥군 고흥읍 등암리 산276,393.0
월흥저수지,34.92384526071768,128.1628323506299,경상남도 고성군 하이면 월흥리 산115-7,392.0
오기저수지,36.73296956335982,129.19931101074002,경상북도 영양군 수비면 오기리 626,391.0
화림저수지,36.30495483496965,128.08489169029386,충청남도 금산군 금성면 상가리 289-17,389.6
동암저수지,36.84890938500693,127.04461971929764,충청남도 아산시 음봉면 송촌리 199,387.0
부야저수지,35.67021555775426,128.78413948699205,경상북도 청도군 청도읍 부야리 산159-2,386.6
도남저수지,35.966909527638855,128.58868802388338,대구광역시 북구 도남동 383,385.0
미전저수지,36.30039024118646,127.82641414967844,충청북도 영동군 용산면 미전리 산29-3,385.0
노상저수지,35.70535791694745,127.7180470943476,경상남도 함양군 서상면 대남리 산16-1,384.7
목미저수지,37.13696755269488,127.73612128203338,충청북도 충주시 앙성면 목미리 산70-17,378.0
두만저수지,36.02617902737771,128.34802028386306,경상북도 칠곡군 약목면 남계리 산21-7,369.0
양전저수지,35.42176435115424,127.69160088631462,충청남도 천안시 서북구 직산읍 양당리 320-8,369.0
척과저수지,35.64214464787349,129.25956929675027,울산광역시 울주군 범서읍 척과리 산123-5,368.2
송원저수지,35.03551163860426,127.9120783506972,경상남도 하동군 진교면 송원리 827,366.4
과림저수지,37.45168493691362,126.82664566188284,경기도 시흥시 과림동 208-42,366.0
하눌저수지,36.88223430427265,128.78599858547446,경상북도 봉화군 상운면 하눌리 산88-22,364.1
방내저수지,34.65271312606181,127.45942773238856,경상북도 경주시 건천읍 방내리 산74-5,364.0
입사저수지,35.41724787273254,128.23082424301737,경상남도 의령군 궁류면 운계리 산56-7,363.0
용현저수지,36.18265384364715,128.48875702673297,충청남도 서산시 운산면 용현리 1010-7,357.3
옥금저수지,36.05777595657975,127.06945702803328,전북특별자치도 익산시 여산면 제남리 산121-1,357.0
추곡저수지,35.16121495089418,128.4847339324494,경상남도 창원시 마산합포구 진북면 추곡리 산213-9,355.6
마흘저수지,35.483791245838304,128.70939944641657,경상남도 밀양시 무안면 마흘리 산238-15,355.0
사봉저수지,35.20954323517592,128.31390879586803,경상남도 진주시 사봉면 부계리 산134-3,354.9
일봉저수지,34.932772308497896,127.1165663643138,전라남도 보성군 복내면 일봉리 산111-8,351.2
홍곡저수지,35.29956431213593,126.39301285302756,전라남도 영광군 백수읍 홍곡리 377-1,351.0
노방저수지,36.05285504816906,128.91835160235442,경상북도 영천시 화남면 사천리 산37-1,351.0
무곡저수지,35.517459952765215,128.19634161251875,경상남도 합천군 대양면 무곡리 산143-1,349.2
내의저수지,36.284935507105104,128.50736473258473,대구광역시 군위군 소보면 내의리 225,346.4
마룡저수지,36.65337979914586,126.37363340002727,충청남도 서산시 부석면 마룡리 1024,345.7
대박저수지,36.44938731086189,126.9284510481078,충청남도 청양군 정산면 대박리 673-2,345.0
회동저수지,35.25655747643174,129.11284665630265,경상북도 영덕군 남정면 회리 산111-2,345.0
장흥저수지,35.377146135792074,129.12859593306786,경상남도 양산시 평산동 산104-1,340.0
운강저수지,35.231032284367835,127.16571410840592,전라남도 곡성군 겸면 운교리 산111-2,335.8
신전저수지,35.411588239661945,128.46756722690955,전북특별자치도 임실군 관촌면 신전리 산1-7,334.0
마이저수지,37.02900261511578,127.49557780582408,충청북도 음성군 삼성면 덕정리 산127-1,331.3
목교저수지,35.107815620503274,126.47545507058864,전라남도 함평군 손불면 궁산리 937,325.3
성대저수지,36.934794050020514,127.35155138992954,충청북도 진천군 백곡면 성대리 산77-6,325.0
속초저수지,37.671537839698765,127.98599424033256,강원특별자치도 홍천군 영귀미면 속초리 산27-2,321.0
공안저수지,35.401178323520455,127.53202753178016,전북특별자치도 남원시 운봉읍 덕산리 산13-32,320.7
인보저수지,35.64908239896294,129.13783375586158,울산광역시 울주군 두서면 인보리 산69-9,319.2
광천저수지,36.65763979162246,126.60044609480276,충청남도 예산군 덕산면 광천리 산44-2,317.9
수부저수지,36.27426820557556,126.62921685192973,충청남도 보령시 웅천읍 수부리 산1-3,317.0
도덕저수지,34.564291088760186,127.1755788941606,전라남도 고흥군 도덕면 도덕리 산10,316.0
구내저수지,35.222822827525256,126.35297039369662,전라남도 영광군 염산면 봉남리 557-10,315.0
연호저수지,34.59340955287885,126.4866631082636,대구광역시 수성구 연호동 227-2,313.7
유동저수지,35.45239413613542,128.4757976147327,경상남도 창녕군 장마면 유리 1241-2,313.2
무선저수지,34.984068433891615,128.22212326720594,경상남도 고성군 상리면 무선리 180-2,313.0
차사저수지,34.99988876793262,127.73771833963325,전라남도 광양시 진월면 차사리 78-1,310.0
연봉1저수지,34.64994404641391,127.35875194345392,전라남도 고흥군 점암면 연봉리 산104-2,310.0
가평저수지,35.48107776428859,126.75774532759375,전북특별자치도 고창군 신림면 가평리 산17-3,306.0
아암저수지,36.06901662266818,127.69997022258684,충청북도 영동군 학산면 아암리 산7-11,304.0
공배저수지,35.55827106202665,127.76300069641805,경상남도 함양군 지곡면 개평리 산16-1,303.2
화원3저수지,34.6522637271502,126.27531395988318,전라남도 해남군 화원면 산호리 산267-16,299.3
일월저수지,37.28944325704878,126.97103550671709,경기도 수원시 장안구 천천동 445-6,98.8
무릉저수지,35.66322267615384,127.9464332859686,제주특별자치도 서귀포시 대정읍 무릉리 1439,297.9
사점저수지,36.47333539210733,126.81869587203452,충청남도 청양군 비봉면 사점리 123-3,296.9
천상저수지,35.5500123405906,129.216648586067,울산광역시 울주군 범서읍 천상리 산166-2,296.0
학서저수지,36.094975823501,128.45697685334878,경상북도 구미시 구평동 96,295.3
평산저수지,35.024207048152554,126.45203360262174,전라남도 나주시 남평읍 평산리 산21-1,289.0
오궁저수지,35.69721581020025,127.22541973617258,전북특별자치도 임실군 신덕면 오궁리 산145-1,288.0
고야저수지,34.4487586838915,126.16907589036124,전라남도 진도군 지산면 고야리 산22,286.0
방춘저수지,34.66006343045759,126.6365005278726,전라남도 해남군 계곡면 방춘리 산6-2,283.8
버들저수지,37.12874485019053,126.83198642999965,경기도 화성시 장안면 석포리 514-25,283.7
설매저수지,35.28314109938747,128.17240751843792,경상남도 진주시 대곡면 설매리 산85-2,279.2
진안저수지,36.51947969020912,129.0474927391501,경상북도 청송군 진보면 진안리 산5-11,278.8
한실저수지,35.46651035915746,128.20203176825754,경상남도 합천군 쌍백면 대곡리 418-1,278.6
낙덕저수지,35.440593152266565,126.9656688625885,전북특별자치도 순창군 복흥면 답동리 산64-2,277.4
용면저수지,37.29744335198852,127.36601268358268,경기도 이천시 신둔면 용면리 산35,276.0
우습저수지,34.94052164751646,126.57805222998006,전라남도 나주시 공산면 동촌리 947-1,269.5
지포저수지,36.45013447064234,126.36762906481196,충청남도 태안군 안면읍 중장리 491-268,268.7
다정저수지,34.807227056282535,127.91968367002612,경상남도 남해군 이동면 다정리 산100-1,266.8
관덕저수지,34.91733483478244,128.3791415590495,경상남도 통영시 도산면 관덕리 산107-12,265.1
창기저수지,36.598511170031294,126.34230985175144,충청남도 태안군 안면읍 창기리 2161,265.0
팔영저수지,34.630201920012325,127.40916729130156,전라남도 고흥군 점암면 성기리 산115-3,263.0
서양저수지,35.29868377519053,126.71307863289628,전라남도 장성군 동화면 서양리 산8-2,257.0
계촌저수지,37.45792620741469,128.28086075324242,강원특별자치도 평창군 방림면 계촌리 산749-3,256.0
지수저수지,35.22088239955356,128.28610104652554,경상남도 진주시 지수면 청원리 318-1,254.3
실업저수지,36.34433074307459,128.79091106239542,경상북도 의성군 옥산면 감계리 산174-15,254.0
개정저수지,35.61919854683578,127.52030424952028,전북특별자치도 장수군 장수읍 개정리 산14-14,250.5
용지저수지,34.410448383326326,126.79616831576598,전라남도 완도군 고금면 청용리 산270,250.1
영수저수지,36.83538921934091,127.59431031423416,충청북도 증평군 도안면 노암리 산8-3,249.0
주을저수지,35.83494843045407,128.44094300713772,경상북도 고령군 다산면 곽촌리 489-3,246.0
남정저수지,36.35442426584528,129.3547294573443,경상북도 영덕군 남정면 남정리 산43-8,244.0
지촌저수지,36.10942703438494,127.7557964437465,충청북도 영동군 양강면 지촌리 산21-2,243.0
서가정저수지,35.4943233464848,128.58491727296789,경상남도 밀양시 무안면 가례리 1224,242.4
부제저수지,35.78430385413549,128.88205054377158,경상북도 경산시 용성면 부제리 1059-11,239.9
화봉저수지,37.0593953455653,127.47510061859504,경상남도 밀양시 무안면 화봉리 1002-3,238.1
모정저수지,34.77655415997049,126.61636161815112,전라남도 영암군 군서면 모정리 70,237.4
보림저수지,36.64905459973722,129.25268847927822,경상북도 영덕군 창수면 백청리 산50-3,236.1
시동저수지,37.57699133721674,127.84494113498036,강원특별자치도 홍천군 남면 시동리 483-26,228.0
반성저수지,35.1415302530278,128.2898622639628,경상남도 진주시 일반성면 남산리 산79-2,227.8
학림저수지,34.6517624061293,127.2570334766784,경상남도 고성군 하일면 학림리 1104-5,225.1
삼춘저수지,36.42660930657448,128.58363140329465,경상북도 의성군 안평면 삼춘리 산69-2,219.0
사양저수지,34.801251479699765,126.49860134043855,충청북도 진천군 문백면 사양리 산74-5,218.3
봉계1저수지,34.78824767518791,127.67634697168668,전라남도 여수시 봉계동 219,218.0
연구저수지,34.62707703418265,126.54337705989973,전라남도 해남군 마산면 노하리 831,218.0
지장저수지,36.14680096697303,129.3527506406621,전라남도 무안군 일로읍 지장리 378,216.0
가례저수지,35.48362162107131,128.59725440684915,경상남도 밀양시 무안면 가례리 산72-1,215.3
어두저수지,35.7632997553382,127.19349491521814,전북특별자치도 완주군 상관면 신리 산159-7,215.1
욱수저수지,35.80842823302987,128.70631373347584,대구광역시 수성구 욱수동 산139-1,213.0
주교1저수지,34.74502931329146,127.35935953707482,전라남도 고흥군 남양면 신흥리 산224-1,212.4
안정저수지,34.946444756905386,128.40502998458228,경상남도 통영시 광도면 안정리 1270,212.0
적성저수지,36.97129766886586,128.27845861938067,충청북도 단양군 적성면 상리 562-1,209.0
괴정저수지,35.25983980236962,127.20285291889518,전라남도 곡성군 겸면 괴정리 산220-1,209.0
고이저수지,35.06176156008331,127.89730856413676,경상남도 하동군 진교면 고이리 산241-2,208.2
오룡저수지,35.602149531076805,129.1274211749843,울산광역시 울주군 언양읍 평리 656-1,205.7
축산저수지,35.99327909285345,126.84782640051144,전북특별자치도 군산시 임피면 축산리 362,205.0
마전저수지,37.37391093673436,126.77146100792264,경기도 포천시 가산면 마전리 산94-2,203.3
호덕저수지,34.52267407388131,127.30979177619864,전라남도 고흥군 과역면 호덕리 693,203.0
조화저수지,34.88052997152055,127.58300887010492,전라남도 여수시 율촌면 조화리 800,202.0
상마북저수지,36.20077813298337,129.23751798786884,경상북도 포항시 북구 신광면 마북리 산10-2,199.3
문방저수지,36.854382393831855,126.86571084002648,충청남도 아산시 인주면 문방리 487-4,197.5
운곡1저수지,35.279520018667526,127.0975507962172,전라남도 곡성군 오산면 운곡리 산50-3,195.5
용제저수지,36.19572059572016,126.6209827893927,충청남도 보령시 주산면 야룡리 703-1,195.0
용소저수지,35.782015462505015,128.35662144531926,경상북도 고령군 성산면 용소리 75-11,195.0
산대저수지,36.006942188615724,129.18967360797205,경상북도 경주시 안강읍 산대리 1166-1,194.4
황길저수지,34.921389018989,127.64257715230956,전라남도 광양시 황길동 1140,193.0
모고저수지,35.44192146019133,127.89604306173683,경상남도 산청군 산청읍 모고리 산187-1,192.8
기일저수지,36.170316234285664,129.23340382188837,경상북도 포항시 북구 신광면 기일리 1015-1,190.6
미인치저수지,34.56563588639469,127.26306130785731,전라남도 고흥군 풍양면 율치리 산104,190.4
백포저수지,34.448056843563286,126.51648140850794,전라남도 해남군 현산면 백포리 산1-5,188.1
평리저수지,36.272679653270494,126.6451633147236,충청남도 보령시 웅천읍 평리 2-32,187.0
삼율저수지,36.69225334051709,129.43058458285503,경상북도 울진군 후포면 삼율리 891-22,187.0
한치저수지,35.23119994903568,128.0636978319408,경상남도 진주시 집현면 사촌리 산32-6,186.7
입남저수지,36.040710231809605,126.89075362256555,전북특별자치도 익산시 함라면 신등리 산64-2,186.0
혈곡저수지,35.246758462408884,128.38955084832463,경상남도 함안군 가야읍 혈곡리 190-2,182.8
빅실저수지,35.241700004331456,128.02489374540937,경상남도 진주시 명석면 용산리 산62-1,181.4
신두2호저수지,36.83376257092271,126.21809291574084,충청남도 태안군 원북면 신두리 574,181.0
동외저수지,34.479105672077395,126.27781101829882,전라남도 진도군 진도읍 동외리 1071,180.0
방송저수지,35.172875547929905,127.26385242097491,전라남도 곡성군 석곡면 방송리 373-1,179.0
대석저수지,35.38813811036273,129.07065743048068,경상남도 양산시 상북면 대석리 174,178.3
장천저수지,35.818018582695586,129.1075478408018,경상북도 경주시 건천읍 방내리 925-1,178.0
용문저수지,35.01227979871873,128.41387808789344,경상남도 고성군 동해면 외곡리 59-2,177.0
매주저수지,36.90934670277153,127.13877607121186,충청남도 천안시 서북구 성환읍 매주리 285-29,176.6
장저울저수지,37.00821233214426,127.7784950858447,충청북도 충주시 주덕읍 장록리 산1-3,173.4
내금저수지,34.82032937339003,127.89745476097164,경상남도 남해군 남해읍 평리 376,173.4
도인저수지,35.642563791409195,127.3232688373607,전북특별자치도 임실군 성수면 도인리 산35-3,172.5
병정저수지,35.414083624720845,127.90674736447129,경상남도 산청군 산청읍 병정리 산17-1,172.4
내령저수지,35.43667687021467,127.28049239379332,전북특별자치도 순창군 동계면 내령리 산109-2,170.8
십이리저수지,35.61099871454815,128.46931354006065,경상남도 창녕군 대합면 십이리 324,170.1
중도저수지,34.307609699507665,126.72753873984762,전라남도 완도군 완도읍 중도리 산63-2,170.0
봉호저수지,34.84459794010193,126.61213292225196,전라남도 영암군 도포면 봉호리 1371,169.1
창유저수지,34.2993219831272,126.04530772190346,전라남도 진도군 조도면 창유리 821-2,168.0
안치저수지,34.49095757576314,126.18573684636482,충청남도 서천군 비인면 성북리 산43-4,167.0
송천저수지,36.08122749900598,126.90674837588908,전북특별자치도 익산시 웅포면 송천리 산34-2,166.6
우음저수지,35.21461620985303,127.21940592321168,전라남도 곡성군 삼기면 의암리 산194-1,166.0
소래저수지,37.44566459310357,126.8062787017764,경기도 시흥시 은행동 601-463,100.0
병산저수지,37.4878390227058,127.46077923714503,부산광역시 기장군 정관읍 용수리 산56-9,163.8
추계저수지,35.02177708189839,128.2290649203639,경상남도 고성군 영현면 추계리 352,162.4
장기저수지,35.59204786252377,128.4807743322272,경상남도 창녕군 대합면 장기리 805,160.7
의평저수지,36.381657190829074,126.6660491221132,충청남도 보령시 청라면 의평리 산7-7,160.0
명도저수지,35.22434850668773,126.39690456749166,전라남도 영광군 염산면 상계리 1334-11,160.0
갈망골저수지,36.50747391432752,126.77559442181725,충청남도 청양군 비봉면 강정리 213-4,155.0
조감저수지,34.84066055162473,126.66102671374672,전라남도 영암군 도포면 수산리 1070-2,153.4
중평저수지,35.71192666246783,127.35573875299563,전북특별자치도 진안군 성수면 도통리 72,152.1
미암저수지,34.69574039384511,126.60316136700423,전라남도 영암군 미암면 미암리 산27-1,151.0
단평저수지,35.63443771781222,127.48445830746688,전북특별자치도 장수군 장수읍 송천리 산75-2,149.3
도평저수지,34.50775824159252,126.32544097291114,전라남도 진도군 고군면 도평리 373-4,147.0
삼합저수지,37.19876520432214,127.72637807408798,경기도 여주시 점동면 삼합리 547-2,145.0
남창저수지,34.407998020878324,126.6075377258454,충청남도 천안시 서북구 성거읍 송남리 92,145.0
송고저수지,35.53862709414264,128.48126980172856,경상남도 창녕군 창녕읍 직교리 180-1,143.6
명덕저수지,35.54594660082758,128.49905020070284,경상남도 창녕군 창녕읍 교리 177-2,142.6
고라저수지,35.40965408918446,126.56893343802676,전북특별자치도 고창군 무장면 고라리 산32-1,141.0
안평저수지,35.25000707118716,129.18367447702596,부산광역시 기장군 철마면 안평리 698,140.5
우두저수지,34.39503061297471,126.87561693040986,강원특별자치도 춘천시 우두동 20-9,140.0
성당저수지,35.474727584347576,128.51411964947067,경상남도 창녕군 계성면 명리 산77-7,138.3
아곡저수지,37.13180598058084,127.41725056852351,충청남도 논산시 부적면 신교리 164-4,137.9
차당저수지,35.98698104205723,129.06166346517284,경상북도 영천시 고경면 차당리 154-1,137.3
지향저수지,33.3922496966492,126.27991999442987,제주특별자치도 제주시 한림읍 상대리 3758,136.0
백계저수지,34.831740198427106,126.705161856215,전라남도 영암군 덕진면 백계리 575,134.9
종산2저수지,36.61984525580366,128.45958176522157,경상북도 예천군 호명읍 종산리 303-1,133.1
석교저수지,35.09417939007591,126.65748256665488,전라남도 나주시 문평면 학교리 산49-2,131.9
잔드리저수지,35.02352230463991,127.97529688709795,경상남도 사천시 서포면 구랑리 668-4,131.4
단석저수지,37.40262427929387,127.73761381688249,경기도 양평군 양동면 쌍학리 산74-11,128.2
움골저수지,37.599139626326334,128.52415030733724,경상남도 진주시 사봉면 부계리 산195-1,124.7
신위양저수지,35.55478903565637,128.71283773809782,경상남도 밀양시 부북면 위양리 529,124.0
군상저수지,35.801563067088615,127.41479356517772,전북특별자치도 진안군 진안읍 군상리 산124-6,123.7
월포저수지,34.70631705977371,125.92046175378928,전북특별자치도 진안군 상전면 월포리 1614-1,121.6
매향저수지,36.49577157836219,126.53703461149074,전라남도 진도군 진도읍 수역리 산112,120.0
품평저수지,34.90885178683069,127.00259331427948,전라남도 화순군 이양면 품평리 산75-4,119.9
방한저수지,36.46338325912926,126.74825325245035,충청남도 청양군 비봉면 방한리 산60-1,118.9
우슬저수지,34.56935704658488,126.61446363507925,전라남도 해남군 해남읍 해리 182-18,118.8
여수저수지,34.65987029972828,126.6137403400789,전라남도 해남군 계곡면 여수리 산61-4,117.4
칠리제저수지,37.40421758788259,126.84804486915093,경기도 시흥시 금이동 37,117.0
근곡저수지,35.11985057583312,128.43756214577274,경상남도 창원시 마산합포구 진전면 근곡리 산109-1,116.7
북군저수지,35.865623805643764,129.25574427855042,경상북도 경주시 북군동 산47-2,114.7
구호저수지,35.44364000524877,127.22055386870636,전북특별자치도 순창군 동계면 구미리 산81-6,114.4
퇴천저수지,35.5191569936902,128.5091644211247,경상남도 창녕군 창녕읍 퇴천리 108-5,113.2
안성저수지,35.2665176809846,128.55586807860914,전라남도 화순군 도암면 천태리 216-3,112.3
용주저수지,35.17494990712689,127.2551742702292,전라남도 곡성군 석곡면 방송리 산91-4,112.0
양사저수지,34.60715178497115,127.46909074312065,전북특별자치도 고창군 성송면 하고리 산41-3,111.0
용교저수지,35.07026135022808,126.22320743445516,전라남도 나주시 왕곡면 화정리 152,108.0
도산저수지,35.026468598448,126.4571846546166,전라남도 무안군 무안읍 매곡리 산37-2,106.9
상리저수지,37.21968626130872,126.95137865761004,전라남도 영암군 도포면 구학리 966-1,105.7
당오저수지,34.51413480814211,127.31563088262251,전라남도 고흥군 도화면 당오리 산79,105.0
고장저수지,34.89926822050134,126.04197805006206,전라남도 신안군 자은면 고장리 218-1,105.0
용월저수지,35.01816458507743,126.47993033049526,전라남도 무안군 무안읍 용월리 777-02,104.9
학송저수지,34.76390324408851,126.7389117618473,전라남도 장흥군 안양면 학송리 산121-1,103.0
도청저수지,34.4892018278713,126.89030900978848,전라남도 장흥군 대덕읍 도청리 803,102.0
곡안저수지,35.11837444395035,128.412626057835,경상남도 창원시 마산합포구 진전면 곡안리 산40,101.0
중고저수지,34.72088418497893,126.8004662926402,전라남도 강진군 병영면 중고리 56-3,100.0
운월저수지,35.08321724009066,127.36195831873886,전라남도 순천시 월등면 신월리 683,99.6
종산1저수지,36.62112030410544,128.46376591732843,경상북도 예천군 호명읍 종산리 72-2,98.8
죽산1저수지,34.81263731564314,126.51154155629672,전라남도 무안군 일로읍 죽산리 51,98.7
수천저수지,35.62844698328824,126.989345930401,전북특별자치도 임실군 신덕면 수천리 산125-2,98.0
석현저수지,34.97641829963949,127.46762689075943,전라남도 목포시 석현동 44-1,97.6
탑동저수지,34.45406712367819,126.57469206786313,전라남도 해남군 현산면 일평리 32-10,97.2
소로저수지,36.69688000674807,127.40031730143563,충청북도 청주시 흥덕구 옥산면 소로리 28-7,97.0
해창저수지,36.378414613707264,126.57033498719962,충청남도 보령시 주교면 관창리 689-5,96.0
근촌저수지,35.199436768244645,127.23407111783152,전라남도 곡성군 삼기면 근촌리 337,96.0
구사저수지,35.37206285228846,127.27739456825276,전북특별자치도 남원시 주생면 도산리 830-2,95.0
정동저수지,35.52898192876996,128.68778108493223,경상남도 밀양시 부북면 대항리 1445-1,92.2
명진저수지,34.843474887823206,128.61842140954064,경상남도 거제시 거제면 명진리 산17-1,91.0
동천저수지,34.805894287364445,128.044287772777,충청남도 아산시 음봉면 신수리 산28-2,90.3
절암저수지,35.29732715742261,126.6515260635245,전라남도 장성군 삼계면 부성리 159,90.3
과동저수지,34.831543225218994,126.44799188257866,전라남도 무안군 삼향읍 임성리 산17-2,89.7
현경저수지,34.99693938878442,126.4328629198284,전라남도 무안군 현경면 동산리 70-42,89.0
덕진저수지,35.30185479959701,128.1527068931509,전라남도 장성군 장성읍 덕진리 산70-1,88.9
사도저수지,35.21774702919678,127.49731682278558,전라남도 구례군 마산면 사도리 산49-1,88.6
흥곡저수지,35.27730495318471,126.53489286016278,전라남도 영광군 묘량면 덕흥리 산80-1,85.0
만학저수지,34.943975513755554,126.54940878656366,전라남도 나주시 동강면 곡천리 산40-1,82.8
항곡저수지,36.89749244671627,126.59960655770338,충청남도 당진시 고대면 항곡리 263-2,82.0
취적저수지,34.85972500362567,127.58377501718893,전라남도 여수시 율촌면 취적리 1193-1,81.0
태백저수지,34.79400656575234,126.55230098061196,전라남도 영암군 서호면 태백리 161-2,79.9
백두저수지,34.943330036256164,126.62137798409486,전라남도 나주시 공산면 상방리 산114-1,79.0
월경저수지,35.22123787488468,127.19989436857296,전라남도 곡성군 삼기면 월경리 산41-1,78.0
소정저수지,34.86141329170512,126.63510867672716,전라남도 영암군 도포면 구학리 산36-1,76.2
동고저수지,35.22833971513417,126.41942743515187,전라남도 영광군 군남면 설매리 1190,75.0
당촌저수지,35.430808074385524,129.17325130795157,전라남도 구례군 광의면 수월리 872,72.9
서변저수지,35.84504474626056,126.84437450707662,전북특별자치도 김제시 만경읍 대동리 산123-1,72.2
가정저수지,37.75497814005688,127.58092207312237,전북특별자치도 진안군 부귀면 신정리 산59-7,71.7
매탄1저수지,35.5879947095436,128.47387880101957,경상남도 창녕군 대합면 장기리 563,70.9
보산저수지,35.033534303423366,126.68708097775492,전라남도 나주시 보산동 374-1,70.8
호성저수지,34.60739939167878,127.2549772711634,전라남도 고흥군 고흥읍 호동리 산164-1,70.4
미억저수지,35.78604977147588,128.88541067104254,경상북도 경산시 용성면 부제리 476,70.2
배방저수지,36.414216947588,128.97393952210865,경상북도 안동시 길안면 배방리 산87-1,69.9
대분저수지,34.54608946619516,127.14424640205704,전라남도 고흥군 도양읍 용정리 2319-5,68.9
은석저수지,35.79677362578463,127.20121460874198,전북특별자치도 전주시 완산구 색장동 산53-2,68.0
사천2저수지,34.46478462115351,126.30996135155524,전라남도 진도군 의신면 사천리 산28-1,67.0
황곡저수지,36.73939067083543,126.39054409078898,경상북도 영천시 화북면 자천리 산59,66.9
득소저수지,35.38919570553016,128.35727365458098,경상남도 의령군 지정면 득소리 산149-2,66.3
당하저수지,36.10792538526883,126.99186505700833,전북특별자치도 익산시 용동면 대조리 813-4,65.1
동문저수지,35.00336960298932,126.61302206049989,전라남도 나주시 다시면 문동리 881-4,65.0
검성저수지,36.11562658363288,128.43624123539252,경상북도 구미시 황상동 85,64.4
옥연1저수지,34.5734264238609,126.37656042848346,전라남도 해남군 황산면 옥동리 452,64.2
절골저수지,35.06443940045441,127.90728749983056,경상남도 하동군 진교면 고이리 산211-2,64.1
삽실저수지,36.20500197146835,129.32670339661215,경상북도 포항시 북구 청하면 청계리 703-1,63.9
이월저수지,34.90804842557596,126.6311592691982,전라남도 영암군 시종면 월악리 155-4,63.7
행장저수지,34.94493892455929,126.69148168128012,전라남도 나주시 왕곡면 행전리 산16-1,63.5
척고저수지,34.914385427999285,126.54718533241032,전라남도 나주시 동강면 곡천리 산301-4,62.8
한운저수지,34.922211453397324,126.07097068148784,전라남도 신안군 자은면 한운리 산143-1,62.4
법동저수지,35.7783249985743,128.31788533747903,경상북도 고령군 운수면 법리 산4-1,62.2
진월저수지,34.990094451710526,127.76902899600908,전라남도 광양시 진월면 신아리 310-1,62.0
길은저수지,34.46889579019102,126.18628357386967,전라남도 진도군 지산면 길은리 486,62.0
신석저수지,34.813075149141206,126.74581937422256,전라남도 화순군 청풍면 신석리 산27-4,60.0
밀이저수지,35.86878400346699,129.09526623566313,경상북도 경주시 건천읍 용명리 2496,60.0
사부골저수지,35.78673000027699,128.29954460605347,경상북도 고령군 운수면 봉평리 산50-5,60.0
동변저수지,35.84586507018123,126.8523612329895,전북특별자치도 김제시 만경읍 대동리 878,59.7
관율저수지,35.11380745819984,128.13948274412152,경상남도 사천시 사천읍 두량리 산24,59.7
망덕저수지,34.96860247437135,127.74405319960532,전라남도 광양시 진월면 망덕리 653-1,59.3
율동저수지,37.575758145352246,128.1065715706436,강원특별자치도 횡성군 갑천면 율동리 84-20,59.0
등지저수지,35.60402197950254,128.4726007500948,경상남도 창녕군 대합면 등지리 산8,59.0
하사저수지,35.20743415541002,127.50699264268128,전라남도 구례군 마산면 사도리 131-1,58.6
구영2저수지,34.88191710412579,126.04855159016633,전라남도 신안군 자은면 구영리 334-6,58.6
대각저수지,34.943426622726896,126.53551864676542,전라남도 나주시 동강면 대지리 659-1,58.0
여천저수지,34.770603450237324,127.67095660241692,전라남도 여수시 여천동 16,57.2
말흘저수지,35.52719588694018,128.50360740803598,경상남도 창녕군 창녕읍 말흘리 627,57.1
둔덕저수지,36.45172068211884,127.72234639369744,충청북도 보은군 삼승면 둔덕리 283,55.5
홍도저수지,36.01746856065155,127.52985406818443,충청남도 금산군 남일면 신정리 산62-2,55.3
채지저수지,34.71071524313572,126.5652054062367,전라남도 영암군 미암면 채지리 산21,55.2
압수저수지,35.995861463494336,127.67086798545564,전북특별자치도 무주군 무주읍 당산리 산74,54.9
봉계2저수지,34.793033456032,127.671326307229,전라남도 여수시 봉계동 257,54.8
신장저수지,37.04634402566415,127.28498995194806,전북특별자치도 군산시 옥구읍 오곡리 433,54.7
구천저수지,34.82626337730475,128.63978120943815,대구광역시 수성구 매호동 632,54.5
양정저수지,35.29235752392639,128.51759620934124,경상남도 거제시 양정동 197,54.1
길상1저수지,37.62400004638863,126.49987158318876,인천광역시 강화군 길상면 장흥리 34-17,54.0
효갈저수지,36.48422604079804,128.2787912163351,경상북도 예천군 풍양면 효갈리 401,53.3
내야저수지,36.01193028353359,128.38222985647212,경상북도 칠곡군 약목면 관호리 산28-2,52.0
지다리저수지,35.536748501917145,128.27599986519735,경상남도 합천군 적중면 상부리 423-12,51.2
광령저수지,33.47147655967826,126.42659468462618,제주특별자치도 제주시 애월읍 광령리 3681,51.0
괴음저수지,34.74772101001276,126.57907324585396,전라남도 영암군 서호면 장천리 277-2,49.0
대송저수지,34.96055388419631,127.82776879503103,전라남도 신안군 안좌면 대리 1442-11,48.0
오리골저수지,36.28375855478394,128.9506419115736,경상북도 청송군 안덕면 복리 산132,48.0
상방저수지,35.51137594683398,129.07395169804343,전라남도 나주시 공산면 상방리 산24-44,47.9
대율저수지,34.89385901612457,126.07511084001209,전라남도 신안군 자은면 대율리 402-2,47.4
순촌저수지,35.18122288826496,126.63857094638207,전라남도 함평군 월야면 월야리 1005-8,47.3
청룡저수지,37.42225657189527,126.76063624729814,전라남도 나주시 반남면 청송리 1024-8,47.2
증상골저수지,36.45545011676316,127.8440770876976,충청북도 보은군 마로면 갈평리 672-4,47.1
추포저수지,34.81898042537187,126.05608032518994,전라남도 신안군 암태면 수곡리 1831,47.0
기룡저수지,35.0993737842884,126.76398877369652,광주광역시 광산구 하산동 658-1,46.8
남동저수지,34.57094554597321,126.4018289234804,전라남도 해남군 황산면 부곡리 65-2,46.6
백연저수지,34.956960354993186,126.5492983052656,전라남도 나주시 동강면 대지리 산12-1,46.4
부평저수지,34.8735251521883,126.6480455550542,전라남도 영암군 도포면 영호리 780-25,46.3
흥각2저수지,36.38059352092295,128.1712942938754,경상북도 상주시 오대동 575-2,46.3
지탄저수지,36.24955690548192,127.69011602522468,충청북도 옥천군 이원면 지탄리 산21-1,46.0
요동저수지,36.00916119488934,126.762251821068,전북특별자치도 군산시 성산면 성덕리 482-1,46.0
항동저수지,37.483589794617565,126.8230938502367,전라남도 영암군 도포면 원항리 869-46,45.4
농촌저수지,36.983919148059805,127.28467180314736,경기도 안성시 발화동 119,45.0
능화저수지,35.02802645088861,128.129930037275,경상남도 사천시 사남면 우천리 49,44.5
옹저수지,35.850951049383255,126.92210775882724,전북특별자치도 김제시 백산면 상리 657,44.0
소포2저수지,34.47535713293193,126.19714855493356,전라남도 진도군 지산면 소포리 615,44.0
가랑저수지,34.88759540540519,126.61212873152328,전라남도 영암군 시종면 월롱리 283,43.8
화수저수지,34.91508942444715,126.60360877343774,전라남도 영암군 시종면 신흥리 899,43.5
구저수지,36.28054546012154,126.62209993105344,충청남도 보령시 웅천읍 수부리 산22-9,43.0
호구저수지,34.415256399511605,126.22609610645222,전라남도 진도군 임회면 용호리 산30-1,43.0
연꽃저수지,35.727155430767176,129.30850084810157,경상북도 경주시 외동읍 연안리 1364-1,43.0
구서양저수지,35.300004246679826,126.7072328270043,전라남도 장성군 동화면 서양리 산11-1,41.9
부길저수지,34.47944869023051,126.51276700919094,전라남도 해남군 화산면 방축리 산118-1,41.0
선항저수지,34.44120937154744,126.23092942632852,전라남도 진도군 임회면 삼막리 870-1,40.0
창산저수지,36.89223309308707,127.84171754118452,충청북도 괴산군 불정면 탑촌리 산9-7,40.0
거청저수지,37.02494393687893,127.24124707081022,경기도 안성시 대덕면 모산리 423,39.2
황말저수지,35.532498315501975,128.29011822959498,경상남도 합천군 적중면 두방리 520,39.1
미촌저수지,34.69294941339724,126.59741328644512,전라남도 영암군 미암면 미암리 산78-5,39.0
원우저수지,35.92840201243918,126.77144994956518,전북특별자치도 군산시 회현면 원우리 520-34,38.6
안음저수지,35.17330362756534,127.54747696932198,전라남도 구례군 간전면 흥대리 931-1,38.0
돌치저수지,34.71629352703838,126.78629202185677,전라남도 강진군 작천면 내기리 580-1,36.9
월명저수지,35.49533094478395,128.47588065128997,충청남도 논산시 노성면 송당리 산41-3,36.6
영호정저수지,34.74223625828927,126.39538144004356,전라남도 영암군 삼호읍 삼포리 975-1,36.5
남티저수지,36.05174185740884,128.76654786139073,경상북도 영천시 신녕면 왕산리 산23-2,36.4
도속저수지,36.05568811022023,128.3681615489937,경상북도 칠곡군 북삼읍 오평리 1387-2,36.0
월천1호저수지,37.62707604129562,127.79118949225682,강원특별자치도 홍천군 남면 월천리 산82-1,36.0
곤저수지,35.888596716622274,129.05427580149984,경상북도 경주시 서면 도계리 10-2,36.0
와요저수지,35.35174264599267,128.257490924566,경상남도 의령군 용덕면 와요리 491-3,36.0
망월동저수지,34.79594709902192,126.49396610815045,전라남도 무안군 일로읍 망월리 406-1,35.6
영촌저수지,35.26666196451474,126.53699430818712,전라남도 영광군 묘량면 영양리 1066-1,35.4
갈포저수지,36.56291241317624,128.43983952020483,경상북도 예천군 지보면 암천리 671,35.3
익금저수지,34.874976716331055,126.11747132274208,전라남도 신안군 암태면 신석리 2646-1,35.2
대인저수지,34.45093143768364,126.48836420733468,전라남도 해남군 화산면 석호리 926-4,35.1
조양저수지,35.208209900162,127.12085564828617,전라남도 곡성군 오산면 조양리 산116-1,35.0
산당저수지,34.598727706572724,127.26510927908303,전라남도 고흥군 고흥읍 등암리 산140-4,35.0
복사곡저수지,36.27993081356784,128.95375511783445,경상북도 청송군 안덕면 복리 534,35.0
산곡저수지,37.09635550423617,128.18311687828316,경상북도 안동시 풍산읍 오미리 834-2,34.8
일리저수지,35.65728656665509,126.97400696834666,전북특별자치도 정읍시 옹동면 오성리 912-1,34.5
사교저수지,34.5892318973033,126.36036924370678,전라남도 해남군 문내면 용암리 산148-4,34.2
고전저수지,34.63157504898167,126.33780398454812,전라남도 해남군 문내면 고당리 441-1,34.1
명석저수지,35.45125625550322,128.28890068768447,전북특별자치도 완주군 고산면 화정리 564-2,34.0
장혈저수지,35.2334104216065,126.43400591279212,전라남도 영광군 군남면 양덕리 1325-2,33.4
상백저수지,35.60545031218648,127.80715466351452,전라남도 고흥군 포두면 상대리 산28,33.0
분황저수지,35.88155199788295,129.27841233471284,경상북도 경주시 천북면 갈곡리 430-1,33.0
가좌저수지,34.497524700111235,126.48412871481904,전라남도 해남군 화산면 가좌리 산19-1,32.9
오미저수지,37.513332896779765,127.98559538230776,전라남도 구례군 토지면 오미리 543,32.7
대재저수지,35.775104463509074,129.28990880602842,경상북도 포항시 북구 신광면 상읍리 323,32.7
석장저수지,36.8928483382447,127.52745820768676,충청북도 진천군 덕산읍 기전리 405-7,32.0
숙적저수지,35.96110028284098,128.4884519343614,경상북도 칠곡군 지천면 신리 888-1,32.0
부리저수지,37.43888232550046,127.54830048721398,경기도 양평군 개군면 부리 360,31.6
영등저수지,35.85794491763604,127.00222168851298,전북특별자치도 김제시 용지면 장신리 250,31.2
파도저수지,35.19863577465993,127.54368052954212,전라남도 구례군 토지면 파도리 산63-4,31.1
신추저수지,37.09096499324908,127.53010808163722,전라남도 나주시 금천면 촌곡리 64,31.0
월치저수지,34.45566358738166,126.25230189443872,전라남도 진도군 의신면 칠전리 산31-1,31.0
유촌저수지,36.22280515084409,126.8596026874886,전라남도 나주시 금천면 신가리 산16-2,30.9
삼치저수지,34.7199620527489,126.79149884922296,전라남도 강진군 작천면 내기리 53-1,30.9
신호정저수지,34.75379083899357,126.4755374870672,전라남도 영암군 삼호읍 산호리 608-12,30.6
죽분저수지,35.2513405145919,126.8134362866073,전라남도 장성군 진원면 산정리 273-4,30.6
싹실저수지,35.33735632468002,128.11929920243384,경상남도 의령군 대의면 천곡리 801,30.1
초장저수지,35.600744528797776,127.37747958566928,전북특별자치도 장수군 산서면 오산리 410-1,30.0
벽수저수지,36.5084134090629,128.71818974423047,경상북도 의성군 다인면 외정리 361,30.0
마전1저수지,36.56444215475278,128.39392583329217,경상북도 예천군 지보면 만화리 227-3,30.0
초양저수지,34.8269692838282,127.93024515082097,경상남도 남해군 이동면 초음리 667,29.8
연정저수지,35.86135426352071,129.29448342969764,전북특별자치도 부안군 줄포면 장동리 874,29.6
석방저수지,36.53025127244726,128.4851682894987,경상북도 안동시 풍천면 기산리 70-2,29.3
금남저수지,37.65497093514104,127.36047414997267,전북특별자치도 정읍시 정우면 회룡리 759-2,29.1
어은상저수지,35.575310634036,128.47920390306317,경상남도 창녕군 고암면 원촌리 645,28.8
명전저수지,35.467303678729074,128.5178591956579,경상남도 창녕군 계성면 명리 1284-10,28.7
오천저수지,34.79588118708366,127.74721455428444,경상남도 의령군 지정면 오천리 산99-1,28.3
계동저수지,35.149249424237986,126.59108403968676,전라남도 함평군 나산면 우치리 산23,27.9
광두저수지,34.82396523161908,127.93450890657049,경상남도 남해군 이동면 초음리 984,27.5
나산저수지,35.292292416068015,126.93320774191116,전라남도 담양군 수북면 나산리 234,27.2
운정저수지,35.50860594700398,128.68169824686777,광주광역시 북구 운정동 688-8,27.0
전당저수지,35.88543735431213,127.13116460529506,전북특별자치도 전주시 덕진구 전미동1가 30,27.0
서호저수지,34.34488844774398,126.57720829367948,전라남도 무안군 청계면 서호리 461-1,27.0
사갑저수지,36.42974684936039,128.33827412722036,경상북도 의성군 다인면 산내리 167,27.0
도이저수지,36.40643002781378,127.670717536409,충청북도 옥천군 안내면 도이리 88,26.9
소곡저수지,36.27676983356551,127.12024365166928,충청남도 논산시 노성면 송당리 169-2,26.9
가흥저수지,34.96182328557842,126.56345320314377,전라남도 나주시 공산면 가송리 산77-4,26.4
내청저수지,36.22486273358494,129.31527595122583,경상북도 포항시 북구 청하면 청계리 산10-1,26.0
효정저수지,36.04789256249446,128.83563298795744,경상북도 영천시 화산면 효정리 146-1,25.2
요기저수지,35.10240356486556,126.75306601942592,광주광역시 광산구 요기동 480,25.0
차동저수지,34.5284603370699,127.36176925966043,전라남도 고흥군 포두면 차동리 335-1,25.0
죽산2저수지,34.82175945595075,126.50617136537736,전라남도 무안군 일로읍 죽산리 253,25.0
궁정저수지,35.78101507268416,128.87583327860054,경상북도 경산시 용성면 부제리 1004-3,25.0
도관저수지,36.42127838016116,128.40561159480205,경상북도 의성군 다인면 삼분리 1043-1,25.0
별실저수지,36.539986421342725,128.3325389430021,경상북도 예천군 풍양면 청곡리 658-4,25.0
장고저수지,34.88330280356286,126.0372787025086,전라남도 신안군 자은면 구영리 994-1,24.8
다암저수지,36.56255998512245,128.41967616862124,경상북도 예천군 지보면 어신리 954-7,24.2
북조기저수지,35.53877456977891,128.29128805758745,경상남도 합천군 적중면 두방리 319-2,24.2
산계저수지,34.837070835692515,126.43640020314916,전라남도 나주시 세지면 벽산리 576-7,24.0
구리저수지,34.94972589601478,126.51490744377696,전라남도 무안군 몽탄면 학산리 612,24.0
학사저수지,36.14604860892284,128.46578410817256,경상북도 구미시 산동읍 임천리 1090-1,24.0
전평저수지,35.49119656843877,128.5509699140991,경상북도 예천군 지보면 소화리 1453-5,24.0
소화저수지,36.55680643098516,128.40568103237263,경상북도 예천군 지보면 소화리 산77-1,24.0
달산저수지,34.912626204274666,126.46944787178332,경상북도 영천시 화북면 자천리 91,23.9
한동저수지,36.40827011024596,128.42825638184837,경상북도 의성군 안계면 시안리 533-4,23.9
율산저수지,35.48415161503377,128.38695141134662,전라남도 영암군 영암읍 장암리 821-7,22.6
토개저수지,35.59406552200224,128.25529779908908,경상남도 합천군 율곡면 갑산리 697,22.6
구월하저수지,35.01932691400204,128.07227117393114,경상남도 사천시 용현면 구월리 42-4,22.4
낙안저수지,34.79966196372293,126.64808280083052,전라남도 영암군 군서면 해창리 704,22.3
옥동저수지,35.43054037315801,128.28827234460582,전라남도 화순군 도암면 원천리 177-3,22.1
석지저수지,35.126356485003164,126.63274393661376,전라남도 함평군 나산면 이문리 82,22.1
차산저수지,34.8479719698022,127.90116975344124,경상남도 남해군 남해읍 차산리 669-2,22.1
후동저수지,35.53677015526197,127.73340769367444,전라남도 나주시 공산면 상방리 807-2,22.0
운곡2저수지,35.27286353954943,127.11408903381724,전라남도 곡성군 오산면 운곡리 산197-1,22.0
운지곡저수지,36.27278248342066,128.94852951053295,경상북도 청송군 안덕면 복리 산71,22.0
외치1저수지,35.17352979936216,126.65591917014572,전라남도 함평군 월야면 외치리 315-1,21.6
수월저수지,35.713746717968,128.02746632787125,경상남도 거창군 가조면 수월리 224-2,21.6
보월저수지,35.11911941182456,127.04809913857947,전라남도 화순군 이서면 보월리 339-1,21.3
매류저수지,37.28359325877729,127.56958837855734,경기도 여주시 세종대왕면 매류리 172-6,21.0
북초산저수지,35.96924708893088,126.81616443250589,전북특별자치도 군산시 대야면 보덕리 881-2,21.0
원천저수지,37.28025690091746,127.0626214744332,전라남도 구례군 구례읍 원방리 산31-3,21.0
초곡저수지,35.59405880281677,128.4148074783899,경상북도 구미시 옥성면 초곡리 497,21.0
조산저수지,36.46042270512565,128.3613850483382,경상북도 의성군 다인면 도암리 539-1,21.0
당리저수지,35.24310661383754,128.7788723553869,전라남도 영암군 미암면 선황리 산106-4,20.9
교곡저수지,37.36654756759594,129.19431598947995,경상북도 의성군 점곡면 송내리 산8,20.5
방계저수지,35.48931519575216,128.37297843281038,경상남도 의령군 낙서면 전화리 130-1,20.5
상탑저수지,35.122719400887945,128.05400402352527,경상남도 사천시 축동면 탑리 산102-5,20.4
난곡저수지,36.26201270148064,127.93093747943578,경상남도 남해군 이동면 난음리 263,20.4
도래모저수지,34.89347441607855,127.90583667939848,경상남도 남해군 설천면 진목리 1352,20.2
구곡저수지,35.33573365725812,128.51380933770974,경상북도 고령군 개진면 구곡리 680,20.1
둔지저수지,37.9592762584417,127.33034112673964,경기도 포천시 일동면 화대리 770,20.0
복자동저수지,37.14494052804532,127.64549256207438,충청북도 음성군 감곡면 단평리 132-1,20.0
상덕저수지,37.21486917686523,127.16273704826604,경상북도 상주시 화동면 신촌리 687-1,20.0
상부2저수지,35.54340847313055,128.2747267901754,경상남도 합천군 적중면 상부리 1201,19.8
연당저수지,35.637485520441565,128.5149051057775,전라남도 함평군 월야면 월악리 563-1,19.6
조곡저수지,35.21094485333674,128.4634311884937,경상북도 의성군 옥산면 신계리 443,19.6
행군저수지,34.867363622740775,126.69580609918302,전라남도 영암군 신북면 장산리 567,19.4
무동저수지,36.44531603582415,127.94517084126409,경상북도 예천군 용궁면 무지리 산29-1,19.3
신음저수지,36.602016179584496,128.35913061772266,경상북도 예천군 개포면 신음리 398-1,19.3
몽송저수지,34.90810972305503,126.54111217934378,전라남도 나주시 동강면 옥정리 202,19.2
석사저수지,36.09114771982893,128.47761500621272,경상북도 칠곡군 가산면 학하리 산73-1,19.2
신근저수지,37.30915743608131,127.55875835752906,경기도 여주시 흥천면 신근리 411-2,19.0
산제저수지,35.666102191410644,128.09723304157427,전라남도 나주시 산포면 산제리 351-1,18.7
청암저수지,35.22615616608329,126.57322487970544,전라남도 영광군 묘량면 월암리 840-1,18.7
벌못저수지,36.05080112219332,128.91423971106144,경상북도 영천시 화남면 사천리 1028,18.7
상부1저수지,35.544399419129405,128.27158910756552,경상남도 합천군 적중면 상부리 933,18.6
뒷들저수지,35.0047885345322,126.1553817923715,울산광역시 울주군 두서면 차리 405-2,18.2
석종저수지,36.31524735580051,127.1718255388364,충청남도 논산시 상월면 석종리 산14,18.2
외치2저수지,35.16794179501627,126.65730186273142,전라남도 함평군 월야면 외치리 산105-4,18.2
북성저수지,35.17405459948118,126.4232650144338,광주광역시 광산구 북산동 575-2,18.0
지사저수지,36.380723246311184,128.10583102855105,전북특별자치도 완주군 이서면 용서리 777-2,18.0
산성저수지,36.84506596002863,126.52110613120573,전라남도 보성군 복내면 용전리 산13,18.0
중명저수지,35.988272892446155,129.30313668214328,경상북도 경주시 강동면 국당리 1533,17.8
봉명저수지,34.40044124515871,126.77229536121312,충청남도 공주시 계룡면 봉명리 산12-22,17.6
모지저수지,35.5865521388904,128.4607723342218,경상남도 창녕군 대합면 평지리 780,17.5
향월저수지,34.840568660897,126.67966826850687,전라남도 영암군 덕진면 장선리 102-8,17.4
노현2저수지,35.813463247746704,127.91118326343326,경상남도 거창군 웅양면 노현리 1161,17.4
염해저수지,35.62827222633514,127.52713401466929,전북특별자치도 장수군 장수읍 두산리 산73-8,17.0
오수저수지,35.95662171573496,128.90908787607157,경상북도 영천시 오수동 362-1,16.9
세류저수지,34.835272602775454,126.71249896354414,전라남도 영암군 덕진면 백계리 246-2,16.8
송변2저수지,35.633695070630054,127.9285601577006,경상남도 거창군 남상면 송변리 산55,16.1
오리밭들저수지,35.45134073088999,129.16803525633807,울산광역시 울주군 웅촌면 고연리 1461-4,16.0
두달저수지,35.90200256341758,129.05075437137813,경상북도 경주시 서면 아화리 66,16.0
칠창저수지,36.26339298838133,128.35395918826794,경상북도 구미시 해평면 낙산리 191-2,16.0
반암저수지,36.618346236288616,128.21961714186514,경상북도 문경시 산양면 반곡리 452,16.0
김천저수지,36.26708905465176,128.96720292507027,경상북도 청송군 안덕면 복리 산69,16.0
춘정1저수지,34.56009863754551,126.39039970427666,전라남도 해남군 황산면 부곡리 산66-26,15.9
산합저수지,36.582880852153714,128.47216072587509,경상북도 예천군 호명읍 산합리 715-3,15.9
다천저수지,34.809627154994594,127.93131634943892,경상남도 남해군 이동면 다정리 524,15.8
대초저수지,35.53843520304296,128.45018837583495,전라남도 영암군 미암면 선황리 산16-6,15.6
어은하저수지,35.570452526938105,128.47547950183613,경상남도 창녕군 고암면 원촌리 720,15.5
초음저수지,34.81787761718847,127.93210132692307,경상남도 남해군 이동면 초음리 1350,15.4
부동저수지,35.071743635165184,126.09119248994926,대구광역시 달성군 현풍읍 부리 58-1,15.3
명곡2저수지,35.53098083461434,128.27430528241982,경상남도 합천군 적중면 누하리 39-1,15.3
신후평저수지,36.64748593587715,127.76046816406424,충청북도 괴산군 청천면 후평리 548,15.1
먹골저수지,35.62769481703758,129.28003955107675,울산광역시 울주군 범서읍 두산리 산333-2,15.0
신천저수지,35.245628214023924,129.23103090467032,전라남도 나주시 금천면 신천리 611-1,15.0
이치미저수지,36.279650535248784,128.96871898019992,경상북도 청송군 안덕면 복리 산10-1,15.0
상락저수지,36.512459272591606,128.38719716063068,경상북도 예천군 지보면 지보리 170,15.0
석화저수지,36.43662012379652,127.76575763356624,충청북도 보은군 탄부면 덕동리 522,14.7
원용두저수지,36.41976720944289,126.93723771791444,충청남도 청양군 정산면 용두리 107-2,14.6
방두저수지,34.90851279270157,126.63605891191942,전라남도 나주시 반남면 대안리 794-1,14.3
사림저수지,35.22767904338621,127.443966854272,전라남도 구례군 용방면 사림리 산79-3,14.3
먼갓저수지,36.54620214959068,128.2413114944402,경상북도 문경시 영순면 말응리 684-1,14.1
과곡저수지,36.63240297097051,128.26534441855495,경상북도 문경시 산양면 과곡리 697,14.1
울성저수지,37.01640788780609,127.05981248417736,경기도 평택시 지제동 산50,14.0
삼태저수지,36.081270282377176,127.52697196894226,전북특별자치도 고창군 부안면 운양리 679-2,14.0
석전저수지,34.485704920638256,126.52307247885253,전라남도 해남군 화산면 방축리 산66-15,14.0
장사저수지,34.807695254438066,126.63242993950745,전라남도 영암군 군서면 도장리 559-1,14.0
어미저수지,36.244940510124295,128.498331695202,대구광역시 군위군 소보면 서경리 119,14.0
뒷골저수지,35.52898750985824,129.1663354121054,경상북도 청송군 현동면 거성리 533,14.0
하가저수지,36.16790665448173,127.85887441753084,울산광역시 울주군 언양읍 직동리 575,13.6
유수저수지,34.848681043550506,126.67941988258156,전라남도 영암군 도포면 수산리 18-3,13.5
감치저수지,34.7459231727581,126.51664051485456,전라남도 영암군 삼호읍 동호리 510-3,13.4
염전저수지,36.963543188808735,126.34098427222987,경상남도 사천시 서포면 선전리 414-2,13.4
퇴로동저수지,35.55199481970452,128.70464181132888,경상남도 밀양시 부북면 퇴로리 496,13.3
동돈저수지,35.74882448828705,126.6440544026509,전북특별자치도 부안군 계화면 의복리 48-7,13.0
정서상저수지,35.167866232466835,127.69912151594664,경상남도 하동군 악양면 정서리 615-5,13.0
포강저수지,35.46224849410042,128.52966532500764,전북특별자치도 진안군 진안읍 반월리 786-18,12.4
부산저수지,35.707048663324386,128.02375270853898,경상남도 거창군 가조면 일부리 399-6,12.4
장재저수지,35.76207384766238,127.32658350329622,충청남도 청양군 비봉면 장재리 산34-1,12.1
광산저수지,35.489034542138015,128.44981839470097,전라남도 영암군 학산면 독천리 772,12.1
한두골저수지,36.89522971683108,128.00381131243591,충청북도 충주시 살미면 내사리 628,12.0
방죽골저수지,36.54153335339779,127.49958225942312,전북특별자치도 순창군 복흥면 반월리 152,12.0
오누이상저수지,36.5230485596882,129.0417094966726,경상북도 청송군 진보면 진안리 352,12.0
가지밭골저수지,36.27191585903204,129.3339027924348,경상북도 영덕군 남정면 회리 505-4,12.0
담뒤저수지,35.462081208827016,129.16881383367948,울산광역시 울주군 웅촌면 은현리 904-1,11.9
성태저수지,35.585115644075984,128.31893942406828,경상남도 합천군 청덕면 성태리 609-3,11.6
원두평저수지,35.88868062928981,129.02361126292675,경상북도 영천시 북안면 도천리 294,11.3
금산골저수지,34.99962667902195,127.95685663480246,경상남도 사천시 서포면 다평리 산48-32,11.3
신촌2저수지,35.52361690668808,128.24965387155544,경상남도 합천군 초계면 신촌리 402,11.3
백옥저수지,34.54337371819087,127.16790723617316,전라남도 영암군 신북면 월지리 412,11.2
귀명저수지,35.39617912119108,128.71979202520018,경상남도 밀양시 하남읍 귀명리 113-1,11.2
저리저수지,35.45224901178597,129.2014430457821,울산광역시 울주군 웅촌면 대대리 221-4,11.0
선지저수지,36.40332759205125,127.7303223261231,충청북도 보은군 삼승면 원남리 527-3,11.0
세레저수지,36.40676491083844,128.43803955457594,경상북도 의성군 안계면 양곡리 산99-4,11.0
인강저수지,36.06913289716774,128.3381347518516,경상북도 칠곡군 북삼읍 인평리 667,11.0
석실저수지,35.57600028070141,128.47464702761556,경상남도 창녕군 대합면 모전리 105-1,10.9
황정숲1저수지,35.53687334419058,128.284190626345,경상남도 합천군 적중면 황정리 492,10.8
시곡저수지,36.24812075629726,129.3647627363117,경상남도 김해시 생림면 생철리 1392-2,10.7
감천저수지,35.19013818138742,128.52399342210992,전라남도 구례군 용방면 중방리 363,10.5
다사저수지,35.36270822555278,128.1447198134254,경상남도 의령군 대의면 다사리 96-3,10.5
수정골저수지,36.252842013282965,127.1559523197219,충청남도 논산시 상월면 숙진리 110-2,10.3
상서저수지,35.72415828732833,126.86709611031289,전북특별자치도 김제시 백산면 상리 831-1,10.3
복평저수지,35.30501079727058,126.593121988956,전라남도 영광군 대마면 복평리 산72,10.2
성터저수지,36.91988562021807,127.36700571726716,경상남도 합천군 가야면 매안리 664-1,10.1
송티저수지,36.79775673390238,127.5765892120068,충청북도 증평군 증평읍 송산리 422-1,10.0
아강저수지,35.58575433505479,126.7038615319636,전북특별자치도 부안군 줄포면 신리 845-3,10.0
전천저수지,35.19265685352242,127.48830336799313,전라남도 구례군 문척면 월전리 739-1,10.0
가척저수지,35.85573256558882,129.07806954994143,경상북도 경주시 건천읍 신평리 2182-4,10.0
반운저수지,35.71432227509555,128.30491670822158,경상북도 고령군 개진면 반운리 812,9.9
탑송곡저수지,36.2959490614815,127.63060836498737,충청북도 옥천군 동이면 금암리 720,9.8
양장1저수지,34.789800765661504,126.60626327440146,전라남도 영암군 군서면 양장리 374,9.8
등곡저수지,36.42901183788104,128.39921447106724,경상북도 의성군 다인면 삼분리 1762-2,9.8
송계저수지,35.21571545696762,126.7061917003968,전라남도 장성군 동화면 송계리 산55,9.6
광성저수지,35.67594534134192,128.02692226076456,경상남도 거창군 가조면 기리 59-1,9.6
당수평저수지,36.299327600528734,127.63236202294296,충청북도 옥천군 동이면 금암리 670,9.5
오계저수지,35.6260044010247,127.90067091454088,경상남도 거창군 남상면 오계리 223-3,9.5
학곡저수지,34.80525280770398,126.66511653613873,전라남도 영암군 영암읍 송평리 928-1,9.4
내송화저수지,36.45089694009756,128.38701930900675,경상북도 의성군 다인면 송호리 175,9.1
마람터저수지,36.64444991664005,128.3830530629846,경상북도 예천군 유천면 고산리 376,9.1
한산저수지,34.74803804122413,125.91524283788269,경상남도 거창군 남상면 대산리 656-2,9.1
해산저수지,34.80889763157195,127.6352078405959,전라남도 여수시 해산동 547,9.0
독점저수지,36.60782726778578,128.63006988238453,경상북도 의성군 옥산면 입암리 산165,9.0
내산정저수지,36.44301619721999,128.39194182788808,경상북도 의성군 다인면 외정리 303-1,9.0
오누이하저수지,36.524180538011855,129.04127291966986,경상북도 청송군 진보면 진안리 360,9.0
적산저수지,35.672891872547,127.30905402015716,경상북도 고령군 개진면 옥산리 산42,9.0
효동저수지,34.894221469050024,126.59283503275232,전라남도 영암군 시종면 옥야리 1084-1,8.8
매계저수지,35.1774461490434,127.71073839774836,경상남도 하동군 악양면 매계리 144-3,8.8
낙곡저수지,35.910680090329926,128.45320138282912,대구광역시 달성군 하빈면 무등리 1201,8.7
당남저수지,36.99561741283104,128.64986605825072,경상북도 영주시 부석면 임곡리 1355,8.7
양림1저수지,35.54038737519716,128.26928517458686,경상남도 합천군 적중면 양림리 528,8.7
상정토저수지,35.5266004072572,128.26111905547353,경상남도 합천군 적중면 정토리 326,8.6
초포저수지,35.13873259063719,126.608577371985,전라남도 함평군 나산면 초포리 306,8.5
수완1저수지,35.20166361815303,126.82638048257354,광주광역시 광산구 수완동 455-5,8.3
인곡저수지,35.138341541814256,128.43551066252374,경상북도 고령군 덕곡면 본리리,8.2
후산읍저수지,35.217126424537966,126.99135619927254,전라남도 담양군 고서면 산덕리 563-2,8.1
무릉4저수지,35.528095339684,128.2425912587478,경상남도 합천군 초계면 상대리 609,8.1
대촌저수지,34.98550372290971,126.26083507697162,울산광역시 울주군 범서읍 두산리 1391-2,8.0
턱골저수지,36.43256928266524,127.7297663051293,충청북도 보은군 삼승면 송죽리 산25-16,8.0
바위암저수지,37.04420768209022,127.53388295891106,충청북도 음성군 삼성면 능산리 342,8.0
퇴로서저수지,35.550457973088946,128.697676700013,경상남도 밀양시 부북면 퇴로리 723,8.0
말랑들저수지,35.6641483950356,127.9860891844862,경상남도 거창군 남하면 지산리 1883-2,8.0
무곡2저수지,35.522438988971565,128.18139004219958,경상남도 합천군 대양면 무곡리 1096,7.9
삼곡1저수지,36.215829431276894,126.64314697907254,충청남도 보령시 주산면 삼곡리 437-2,7.8
율리저수지,34.7165981099834,126.5774431220276,전라남도 영암군 미암면 선황리 992-1,7.7
하남1저수지,35.53225492416111,128.25285014049092,경상남도 합천군 초계면 상대리 447,7.7
월현저수지,35.41345116733927,128.33576471495115,전라남도 나주시 반남면 석천리 80-3,7.5
대상저수지,34.91650398222111,126.56043220641672,전라남도 나주시 동강면 대전리 419-1,7.5
유하3저수지,35.53747370394206,128.25097825552467,경상남도 합천군 초계면 상대리 119,7.5
외석정저수지,36.647253072641696,128.41324951923508,경상북도 예천군 예천읍 석정리 502-1,7.4
이인저수지,36.06658305865636,129.31214202013018,경상남도 거창군 남상면 대산리 1233-5,7.3
부수저수지,35.54305945480931,128.28493343303876,경상남도 합천군 적중면 부수리 657-1,7.3
쌍구저수지,35.226516197193014,127.2853186096347,전북특별자치도 부안군 동진면 내기리 625-1,7.2
중정토저수지,35.52935357373175,128.26049932775055,경상남도 합천군 적중면 정토리 337-19,7.2
중부2저수지,35.54170355515169,128.28295325977675,경상남도 합천군 적중면 황정리 447-2,7.1
월천2호저수지,37.624110820229575,127.7833702149246,강원특별자치도 홍천군 남면 월천리 222-1,7.0
송오리저수지,36.80476793881898,127.5784268840026,충청북도 증평군 증평읍 송산리 30-1,7.0
월감저수지,34.9006516863334,126.5550316173507,전라남도 나주시 동강면 장동리 954,7.0
고길저수지,34.469823661239104,126.20036305357306,전라남도 진도군 지산면 길은리 159-2,7.0
고사하저수지,35.4453606490423,128.66594401540706,경상남도 밀양시 무안면 연상리 259-2,7.0
용문곡저수지,34.78420786116662,127.926627726244,경상남도 남해군 이동면 용소리 산75-5,7.0
솔고개저수지,35.56960100468033,129.22686063783078,울산광역시 울주군 범서읍 천상리 486,6.8
화대저수지,35.24451348290124,127.12591757555305,전라남도 곡성군 오산면 봉동리 911-5,6.8
방목저수지,36.03454918545771,129.00906025534374,경상북도 영천시 임고면 효리 850,6.8
장명저수지,35.30158598083823,128.37792804845796,경상남도 함안군 가야읍 묘사리 1354-2,6.8
신덕정저수지,34.80566465860243,126.64993820293576,전라남도 영암군 군서면 해창리 319-1,6.6
고정저수지,35.56126535153641,128.79314164392807,전라남도 나주시 노안면 구정리 332,6.5
모전저수지,35.57493888566609,128.46186262575822,경상남도 창녕군 대합면 모전리 728-1,6.5
삼곡2저수지,36.22134434284644,126.6425593490629,충청남도 보령시 주산면 삼곡리 871-7,6.1
덕신저수지,36.6724840565988,128.3964893794714,경상북도 예천군 용문면 덕신리 332,6.1
이어저수지,34.863565803216126,127.89399624983275,경상남도 남해군 고현면 이어리 701,6.1
유하저수지,35.211881633435624,128.81143108909737,경상남도 합천군 초계면 유하리 130-1,6.1
금당저수지,34.44757426452991,127.05633599738684,광주광역시 북구 월출동 829,6.0
증구지저수지,36.40563902419196,127.7315346587782,충청북도 보은군 삼승면 탄금리 산23-3,6.0
노류골저수지,36.40267559081532,127.97983582352528,경상북도 상주시 화동면 선교리 산23-1,6.0
금림저수지,36.57149306869788,128.26776093904206,경상북도 문경시 영순면 금림리 577,6.0
정곡저수지,35.399889779888326,127.90271847628104,경상북도 의성군 단북면 연제리 594-3,6.0
독곡저수지,36.32765783638576,129.3562871383361,경상북도 영덕군 남정면 우곡리 79-5,6.0
추산저수지,35.3547234360709,128.11860123681268,경상남도 의령군 대의면 추산리 산24-1,6.0
영지저수지,35.75991916517297,129.30219275057271,경상남도 남해군 삼동면 영지리 941,5.8
유하1저수지,35.54242201936173,128.25209495026232,경상남도 합천군 초계면 유하리 64,5.8
상포저수지,34.60255895706836,127.33480524235684,경상남도 합천군 쌍책면 상포리 469-5,5.8
택촌2저수지,35.32946592355765,127.28314288233244,전북특별자치도 남원시 금지면 택내리 산65-19,5.7
덕촌1저수지,34.99464308116092,128.36233050214236,경상남도 고성군 거류면 가려리 316-5,5.5
모정2저수지,34.77927539299931,126.60827421598404,전라남도 영암군 군서면 모정리 865-1,5.3
남전4저수지,35.413480134231264,128.72743941716385,경상남도 밀양시 하남읍 남전리 205,5.2
약석저수지,36.65675416949512,128.2747172456892,경상북도 문경시 산북면 약석리 315-2,5.1
대미론저수지,37.15747192328667,128.16030853134282,충청북도 제천시 봉양읍 미당리 781-1,5.0
앞실저수지,36.57536989311184,127.78404253086514,경상북도 상주시 은척면 남곡리 405-6,5.0
가는골저수지,35.68066473434878,126.64030554983466,대구광역시 군위군 산성면 삼산리 산61-8,5.0
덕성저수지,36.25513412142659,128.9541297716653,경상북도 청송군 안덕면 덕성리 470,5.0
마쌍저수지,35.37407143784301,128.11991270605554,경상남도 의령군 대의면 마쌍리 산33-1,5.0
양하저수지,34.20571781137302,126.57915871048404,전라남도 장흥군 대덕읍 잠두리 700,4.9
우계저수지,35.30641815425953,128.90671972924224,전북특별자치도 순창군 적성면 내월리 248,4.8
양지말저수지,36.44757424019292,127.71897933162045,충청북도 보은군 삼승면 둔덕리 413,4.7
생초저수지,35.69572243794346,128.04516448134427,경상남도 거창군 가조면 석강리 56-1,4.4
제촌저수지,35.57181490121031,128.27645531217098,경상남도 합천군 쌍책면 오서리 432,4.4
곰네저수지,35.460265713762034,129.20326876511098,울산광역시 울주군 웅촌면 곡천리 산81-18,4.3
뒤뜰저수지,35.44840864786145,127.35918641087206,전북특별자치도 남원시 내척동 434-1,4.1
가오저수지,36.611778330295216,128.351300312579,경상북도 예천군 개포면 가곡리 875,4.1
웅골저수지,35.62449600887273,128.47533481879267,경상남도 창녕군 성산면 정녕리 149-6,4.1
황정숲2저수지,35.537084031667774,128.28235071649277,경상남도 합천군 적중면 황정리 492,4.1
어전저수지,35.385790996474114,128.11726239771048,전라남도 나주시 남평읍 평산리 68,4.0
하회저수지,36.53670783628949,128.52994755982922,경상북도 안동시 풍천면 하회리 산34-8,4.0
덕담저수지,36.480407242756726,128.2162710306422,경상북도 상주시 사벌국면 덕담리 201,4.0
두암저수지,35.39148555548317,128.69759256037062,경상남도 밀양시 초동면 금포리 632-2,4.0
아포저수지,34.996213862063954,127.97758435069048,경상남도 사천시 서포면 선전리 550-1,3.9
말미저수지,37.49526076066133,128.00326377200426,경상남도 합천군 적중면 옥두리 122-2,3.9
우지곡저수지,35.64872384956214,129.28113767009802,울산광역시 울주군 온산읍 강양리 산157-2,3.8
구평저수지,35.87631420958156,129.1514887342476,경상북도 경주시 현곡면 상구리 1249,3.8
정녕1저수지,35.62048730228466,128.4770056246944,경상남도 창녕군 성산면 정녕리 121-4,3.8
행현저수지,36.44699677572662,128.33382748253794,경상북도 의성군 다인면 덕지리 1152,3.3
내지곡저수지,36.40765989653505,126.97472378345796,충청남도 청양군 정산면 백곡리 211-1,3.2
유하2저수지,35.539875253086606,128.2500776632663,경상남도 합천군 초계면 유하리 361-2,3.2
콩밭골저수지,37.07879094278804,128.1816616909613,충청북도 제천시 금성면 월림리 산23-1,3.0
흥왕저수지,37.59408222741197,126.42312500131676,전북특별자치도 익산시 용동면 흥왕리 525-10,3.0
양피저수지,35.792701296933394,129.24518400625172,경상북도 경주시 남산동 223-1,3.0
화달저수지,36.45685990900121,128.22561831058945,경상북도 상주시 사벌국면 화달리 79-2,3.0
모덕저수지,35.71811687007749,127.9897197263663,경상남도 거창군 가조면 장기리 1041-2,3.0
술정저수지,35.53882395614624,128.4874790835444,경상남도 창녕군 창녕읍 술정리 414-24,2.4
길가저수지,34.891179358537464,127.91068866398204,경상남도 남해군 설천면 진목리 1037-2,2.4
원당2저수지,35.53769521973538,128.24085631428332,경상남도 합천군 초계면 원당리 709-8,2.3
금포저수지,34.86646581323517,126.05054021026736,경상남도 밀양시 초동면 금포리 469-1,2.2
어랑저수지,34.87835403348205,126.6939304368076,전라남도 영암군 신북면 이천리 324-10,2.1
부마저수지,36.017919993510795,126.93317316636096,전북특별자치도 익산시 황등면 죽촌리 487-2,2.0
파장저수지,37.32864032287167,126.99489886963312,경상북도 영양군 입암면 산해리 70-2,2.0
수인저수지,34.475974409032766,126.81090173997586,충청북도 음성군 대소면 수태리 539,1.6
후산저수지,34.69229103801326,126.29802600208652,전라남도 담양군 고서면 산덕리 447,1.5
양림2저수지,35.537275361032634,128.27068907412098,경상남도 합천군 적중면 양림리 58-9,1.5
한천저수지,34.9680253260863,127.01919393316828,충청남도 논산시 상월면 한천리 640-1,1.4
성북저수지,36.15000933839848,126.59608727539866,경상남도 거창군 웅양면 동호리 1298,1.3
아랫골저수지,37.28480942218471,128.43653128459567,경상북도 영양군 석보면 택전리 318,1.0
