날짜,저수율
2014-01-01,60.0
2014-01-02,60.0
2014-01-03,60.0
2014-01-04,60.0
2014-01-05,60.0
2014-01-06,60.0
2014-01-07,60.0
2014-01-08,60.0
2014-01-09,60.0
2014-01-10,60.0
2014-01-11,60.0
2014-01-12,60.0
2014-01-13,60.0
2014-01-14,60.0
2014-01-15,60.0
2014-01-16,60.0
2014-01-17,60.0
2014-01-18,60.0
2014-01-19,60.0
2014-01-20,60.0
2014-01-21,60.0
2014-01-22,60.0
2014-01-23,60.0
2014-01-24,60.0
2014-01-25,60.0
2014-01-26,60.0
2014-01-27,60.0
2014-01-28,60.0
2014-01-29,60.0
2014-01-30,60.0
2014-01-31,60.0
2014-02-01,60.0
2014-02-02,60.0
2014-02-03,60.0
2014-02-04,60.0
2014-02-05,60.0
2014-02-06,60.0
2014-02-07,60.5
2014-02-08,61.8
2014-02-09,63.2
2014-02-10,64.5
2014-02-11,65.0
2014-02-12,65.0
2014-02-13,65.0
2014-02-14,65.0
2014-02-15,65.0
2014-02-16,65.0
2014-02-17,65.0
2014-02-18,65.0
2014-02-19,65.0
2014-02-20,65.0
2014-02-21,65.0
2014-02-22,65.0
2014-02-23,65.0
2014-02-24,65.0
2014-02-25,65.0
2014-02-26,65.0
2014-02-27,65.0
2014-02-28,65.0
2014-03-01,65.0
2014-03-02,65.0
2014-03-03,65.0
2014-03-04,65.0
2014-03-05,65.0
2014-03-06,65.0
2014-03-07,65.0
2014-03-08,65.0
2014-03-09,65.0
2014-03-10,65.0
2014-03-11,65.0
2014-03-12,65.0
2014-03-13,65.0
2014-03-14,65.0
2014-03-15,65.0
2014-03-16,65.0
2014-03-17,65.0
2014-03-18,65.0
2014-03-19,65.0
2014-03-20,65.0
2014-03-21,65.0
2014-03-22,65.0
2014-03-23,65.0
2014-03-24,65.0
2014-03-25,65.0
2014-03-26,65.0
2014-03-27,65.0
2014-03-28,65.0
2014-03-29,65.0
2014-03-30,65.0
2014-03-31,65.0
2014-04-01,65.0
2014-04-02,65.0
2014-04-03,65.0
2014-04-04,65.0
2014-04-05,65.0
2014-04-06,65.0
2014-04-07,65.0
2014-04-08,65.0
2014-04-09,65.0
2014-04-10,65.0
2014-04-11,65.0
2014-04-12,65.0
2014-04-13,65.0
2014-04-14,65.0
2014-04-15,65.0
2014-04-16,65.0
2014-04-17,65.0
2014-04-18,65.0
2014-04-19,65.0
2014-04-20,65.0
2014-04-21,65.0
2014-04-22,65.0
2014-04-23,65.0
2014-04-24,65.0
2014-04-25,65.0
2014-04-26,65.0
2014-04-27,65.0
2014-04-28,65.0
2014-04-29,65.0
2014-04-30,65.0
2014-05-01,65.0
2014-05-02,65.0
2014-05-03,65.0
2014-05-04,65.0
2014-05-05,65.0
2014-05-06,65.0
2014-05-07,65.0
2014-05-08,65.0
2014-05-09,65.0
2014-05-10,65.0
2014-05-11,65.0
2014-05-12,65.0
2014-05-13,65.0
2014-05-14,65.0
2014-05-15,65.0
2014-05-16,65.0
2014-05-17,65.0
2014-05-18,65.0
2014-05-19,65.0
2014-05-20,65.0
2014-05-21,65.0
2014-05-22,65.0
2014-05-23,65.0
2014-05-24,65.0
2014-05-25,65.0
2014-05-26,64.5
2014-05-27,63.4
2014-05-28,62.1
2014-05-29,60.8
2014-05-30,60.0
2014-05-31,59.6
2014-06-01,59.3
2014-06-02,59.0
2014-06-03,58.8
2014-06-04,58.6
2014-06-05,58.4
2014-06-06,58.3
2014-06-07,58.1
2014-06-08,57.9
2014-06-09,57.8
2014-06-10,57.5
2014-06-11,57.3
2014-06-12,57.0
2014-06-13,56.6
2014-06-14,56.0
2014-06-15,55.4
2014-06-16,54.7
2014-06-17,54.0
2014-06-18,53.5
2014-06-19,53.1
2014-06-20,53.0
2014-06-21,53.0
2014-06-22,53.0
2014-06-23,53.0
2014-06-24,53.0
2014-06-25,53.0
2014-06-26,53.0
2014-06-27,53.0
2014-06-28,53.0
2014-06-29,53.0
2014-06-30,53.0
2014-07-01,53.0
2014-07-02,53.0
2014-07-03,53.0
2014-07-04,53.0
2014-07-05,53.0
2014-07-06,53.0
2014-07-07,53.0
2014-07-08,53.0
2014-07-09,53.0
2014-07-10,53.0
2014-07-11,53.0
2014-07-12,53.0
2014-07-13,53.0
2014-07-14,53.0
2014-07-15,53.0
2014-07-16,53.0
2014-07-17,53.0
2014-07-18,53.0
2014-07-19,53.0
2014-07-20,53.0
2014-07-21,53.0
2014-07-22,53.0
2014-07-23,53.0
2014-07-24,53.0
2014-07-25,53.0
2014-07-26,53.0
2014-07-27,53.0
2014-07-28,53.0
2014-07-29,53.0
2014-07-30,53.0
2014-07-31,54.0
2014-08-01,56.5
2014-08-02,59.7
2014-08-03,62.8
2014-08-04,65.0
2014-08-05,66.5
2014-08-06,68.0
2014-08-07,69.5
2014-08-08,70.9
2014-08-09,72.3
2014-08-10,73.6
2014-08-11,74.8
2014-08-12,75.9
2014-08-13,76.9
2014-08-14,77.8
2014-08-15,78.6
2014-08-16,79.2
2014-08-17,79.6
2014-08-18,79.9
2014-08-19,80.0
2014-08-20,80.0
2014-08-21,80.0
2014-08-22,80.0
2014-08-23,80.0
2014-08-24,80.0
2014-08-25,80.0
2014-08-26,80.0
2014-08-27,80.0
2014-08-28,80.0
2014-08-29,80.0
2014-08-30,80.0
2014-08-31,80.0
2014-09-01,80.0
2014-09-02,80.0
2014-09-03,80.0
2014-09-04,80.0
2014-09-05,80.0
2014-09-06,80.0
2014-09-07,80.0
2014-09-08,80.0
2014-09-09,80.0
2014-09-10,80.0
2014-09-11,79.0
2014-09-12,76.5
2014-09-13,73.5
2014-09-14,71.0
2014-09-15,70.0
2014-09-16,70.3
2014-09-17,71.0
2014-09-18,72.2
2014-09-19,73.5
2014-09-20,75.0
2014-09-21,76.5
2014-09-22,77.8
2014-09-23,79.0
2014-09-24,79.7
2014-09-25,80.0
2014-09-26,79.0
2014-09-27,76.5
2014-09-28,73.5
2014-09-29,71.0
2014-09-30,70.0
2014-10-01,70.0
2014-10-02,70.0
2014-10-03,70.0
2014-10-04,70.0
2014-10-05,70.0
2014-10-06,70.0
2014-10-07,70.0
2014-10-08,70.0
2014-10-09,70.0
2014-10-10,70.0
2014-10-11,70.0
2014-10-12,70.0
2014-10-13,70.0
2014-10-14,70.0
2014-10-15,70.0
2014-10-16,70.0
2014-10-17,70.0
2014-10-18,70.0
2014-10-19,70.0
2014-10-20,70.0
2014-10-21,70.0
2014-10-22,70.0
2014-10-23,70.0
2014-10-24,70.0
2014-10-25,70.0
2014-10-26,70.0
2014-10-27,70.0
2014-10-28,70.0
2014-10-29,70.0
2014-10-30,70.0
2014-10-31,70.0
2014-11-01,70.0
2014-11-02,70.0
2014-11-03,70.0
2014-11-04,70.0
2014-11-05,70.0
2014-11-06,70.0
2014-11-07,70.0
2014-11-08,70.0
2014-11-09,70.0
2014-11-10,70.0
2014-11-11,70.0
2014-11-12,60.0
2014-11-13,50.0
2014-11-14,50.0
2014-11-15,50.0
2014-11-16,50.0
2014-11-17,50.0
2014-11-18,50.0
2014-11-19,50.0
2014-11-20,50.0
2014-11-21,50.0
2014-11-22,50.0
2014-11-23,50.0
2014-11-24,50.0
2014-11-25,50.0
2014-11-26,50.0
2014-11-27,50.0
2014-11-28,50.0
2014-11-29,50.0
2014-11-30,50.0
2014-12-01,50.0
2014-12-02,50.0
2014-12-03,50.0
2014-12-04,50.0
2014-12-05,50.0
2014-12-06,50.0
2014-12-07,50.0
2014-12-08,50.0
2014-12-09,50.0
2014-12-10,50.0
2014-12-11,50.0
2014-12-12,50.0
2014-12-13,50.0
2014-12-14,50.0
2014-12-15,50.0
2014-12-16,50.0
2014-12-17,50.0
2014-12-18,50.0
2014-12-19,50.0
2014-12-20,50.0
2014-12-21,50.0
2014-12-22,50.0
2014-12-23,50.0
2014-12-24,50.0
2014-12-25,50.0
2014-12-26,50.0
2014-12-27,50.0
2014-12-28,50.0
2014-12-29,50.0
2014-12-30,50.0
2014-12-31,50.0
2015-01-01,50.0
2015-01-02,50.0
2015-01-03,50.0
2015-01-04,50.0
2015-01-05,50.0
2015-01-06,50.0
2015-01-07,50.0
2015-01-08,50.0
2015-01-09,50.0
2015-01-10,50.0
2015-01-11,50.0
2015-01-12,50.0
2015-01-13,50.0
2015-01-14,50.0
2015-01-15,50.0
2015-01-16,50.0
2015-01-17,50.0
2015-01-18,50.0
2015-01-19,50.0
2015-01-20,50.0
2015-01-21,50.0
2015-01-22,50.0
2015-01-23,50.0
2015-01-24,50.0
2015-01-25,50.0
2015-01-26,50.0
2015-01-27,50.0
2015-01-28,50.0
2015-01-29,50.0
2015-01-30,54.2
2015-01-31,64.1
2015-02-01,75.9
2015-02-02,85.8
2015-02-03,90.0
2015-02-04,90.0
2015-02-05,90.0
2015-02-06,90.0
2015-02-07,90.0
2015-02-08,90.0
2015-02-09,90.0
2015-02-10,90.0
2015-02-11,90.0
2015-02-12,90.0
2015-02-13,90.0
2015-02-14,90.0
2015-02-15,90.0
2015-02-16,90.0
2015-02-17,90.0
2015-02-18,90.0
2015-02-19,90.0
2015-02-20,90.0
2015-02-21,90.0
2015-02-22,90.0
2015-02-23,90.0
2015-02-24,90.0
2015-02-25,90.0
2015-02-26,90.0
2015-02-27,90.0
2015-02-28,90.0
2015-03-01,90.0
2015-03-02,90.0
2015-03-03,90.0
2015-03-04,90.0
2015-03-05,90.0
2015-03-06,90.0
2015-03-07,90.0
2015-03-08,90.0
2015-03-09,90.0
2015-03-10,90.0
2015-03-11,90.0
2015-03-12,90.0
2015-03-13,90.0
2015-03-14,90.0
2015-03-15,90.0
2015-03-16,90.0
2015-03-17,90.0
2015-03-18,90.0
2015-03-19,90.0
2015-03-20,90.0
2015-03-21,90.0
2015-03-22,90.0
2015-03-23,90.0
2015-03-24,90.0
2015-03-25,90.0
2015-03-26,90.0
2015-03-27,90.0
2015-03-28,90.0
2015-03-29,90.0
2015-03-30,90.0
2015-03-31,90.0
2015-04-01,90.0
2015-04-02,90.0
2015-04-03,90.0
2015-04-04,90.0
2015-04-05,90.0
2015-04-06,90.0
2015-04-07,90.0
2015-04-08,90.0
2015-04-09,90.0
2015-04-10,90.0
2015-04-11,90.0
2015-04-12,90.0
2015-04-13,90.0
2015-04-14,90.0
2015-04-15,70.0
2015-04-16,50.0
2015-04-17,50.0
2015-04-18,50.0
2015-04-19,50.0
2015-04-20,50.0
2015-04-21,50.0
2015-04-22,50.0
2015-04-23,50.0
2015-04-24,50.0
2015-04-25,50.0
2015-04-26,50.0
2015-04-27,50.0
2015-04-28,50.0
2015-04-29,50.0
2015-04-30,50.0
2015-05-01,50.0
2015-05-02,50.0
2015-05-03,50.0
2015-05-04,50.0
2015-05-05,50.0
2015-05-06,50.0
2015-05-07,50.0
2015-05-08,50.0
2015-05-09,50.0
2015-05-10,50.0
2015-05-11,50.0
2015-05-12,50.0
2015-05-13,50.0
2015-05-14,50.0
2015-05-15,50.0
2015-05-16,50.0
2015-05-17,50.0
2015-05-18,50.0
2015-05-19,50.0
2015-05-20,50.0
2015-05-21,50.0
2015-05-22,50.0
2015-05-23,50.0
2015-05-24,50.0
2015-05-25,50.0
2015-05-26,50.0
2015-05-27,50.0
2015-05-28,50.0
2015-05-29,50.0
2015-05-30,50.0
2015-05-31,50.0
2015-06-01,50.0
2015-06-02,50.0
2015-06-03,50.0
2015-06-04,50.0
2015-06-05,50.0
2015-06-06,50.0
2015-06-07,50.0
2015-06-08,50.0
2015-06-09,50.0
2015-06-10,50.0
2015-06-11,50.0
2015-06-12,50.0
2015-06-13,50.0
2015-06-14,50.0
2015-06-15,50.0
2015-06-16,50.0
2015-06-17,50.0
2015-06-18,50.0
2015-06-19,50.0
2015-06-20,50.0
2015-06-21,50.0
2015-06-22,50.0
2015-06-23,50.0
2015-06-24,50.0
2015-06-25,50.0
2015-06-26,50.0
2015-06-27,50.0
2015-06-28,50.0
2015-06-29,50.0
2015-06-30,50.0
2015-07-01,50.0
2015-07-02,50.0
2015-07-03,50.0
2015-07-04,50.0
2015-07-05,50.5
2015-07-06,51.8
2015-07-07,53.2
2015-07-08,54.5
2015-07-09,55.0
2015-07-10,55.0
2015-07-11,55.0
2015-07-12,55.0
2015-07-13,55.0
2015-07-14,55.0
2015-07-15,55.0
2015-07-16,55.0
2015-07-17,55.0
2015-07-18,55.0
2015-07-19,55.0
2015-07-20,55.0
2015-07-21,55.0
2015-07-22,54.5
2015-07-23,53.2
2015-07-24,51.8
2015-07-25,50.5
2015-07-26,50.0
2015-07-27,50.0
2015-07-28,50.0
2015-07-29,50.0
2015-07-30,50.0
2015-07-31,50.0
2015-08-01,50.0
2015-08-02,50.0
2015-08-03,50.0
2015-08-04,50.0
2015-08-05,50.0
2015-08-06,50.0
2015-08-07,50.0
2015-08-08,50.0
2015-08-09,50.0
2015-08-10,50.0
2015-08-11,50.0
2015-08-12,50.0
2015-08-13,50.0
2015-08-14,50.0
2015-08-15,50.0
2015-08-16,50.0
2015-08-17,50.0
2015-08-18,50.0
2015-08-19,50.0
2015-08-20,50.0
2015-08-21,50.0
2015-08-22,50.0
2015-08-23,50.0
2015-08-24,50.0
2015-08-25,50.0
2015-08-26,50.0
2015-08-27,50.0
2015-08-28,50.0
2015-08-29,50.0
2015-08-30,50.0
2015-08-31,50.0
2015-09-01,50.0
2015-09-02,50.0
2015-09-03,50.0
2015-09-04,50.0
2015-09-05,50.0
2015-09-06,50.0
2015-09-07,50.0
2015-09-08,50.0
2015-09-09,50.0
2015-09-10,50.0
2015-09-11,50.0
2015-09-12,50.0
2015-09-13,50.0
2015-09-14,50.0
2015-09-15,50.0
2015-09-16,50.0
2015-09-17,50.0
2015-09-18,50.0
2015-09-19,50.0
2015-09-20,50.0
2015-09-21,50.0
2015-09-22,50.0
2015-09-23,50.0
2015-09-24,50.0
2015-09-25,50.0
2015-09-26,50.0
2015-09-27,50.0
2015-09-28,50.0
2015-09-29,50.0
2015-09-30,50.0
2015-10-01,50.0
2015-10-02,50.0
2015-10-03,50.0
2015-10-04,50.0
2015-10-05,50.0
2015-10-06,50.0
2015-10-07,50.0
2015-10-08,50.0
2015-10-09,50.0
2015-10-10,50.0
2015-10-11,50.0
2015-10-12,50.0
2015-10-13,50.0
2015-10-14,50.0
2015-10-15,50.0
2015-10-16,50.0
2015-10-17,50.0
2015-10-18,50.0
2015-10-19,50.0
2015-10-20,50.0
2015-10-21,50.0
2015-10-22,50.0
2015-10-23,50.0
2015-10-24,50.0
2015-10-25,50.0
2015-10-26,50.0
2015-10-27,50.0
2015-10-28,50.0
2015-10-29,50.0
2015-10-30,50.0
2015-10-31,50.0
2015-11-01,50.0
2015-11-02,50.0
2015-11-03,50.0
2015-11-04,50.0
2015-11-05,50.0
2015-11-06,50.0
2015-11-07,50.0
2015-11-08,50.0
2015-11-09,50.0
2015-11-10,50.0
2015-11-11,50.0
2015-11-12,50.0
2015-11-13,50.0
2015-11-14,50.5
2015-11-15,51.8
2015-11-16,53.2
2015-11-17,54.5
2015-11-18,55.0
2015-11-19,55.0
2015-11-20,55.0
2015-11-21,55.0
2015-11-22,55.0
2015-11-23,55.0
2015-11-24,55.0
2015-11-25,55.0
2015-11-26,55.0
2015-11-27,55.0
2015-11-28,55.0
2015-11-29,55.0
2015-11-30,55.0
2015-12-01,55.0
2015-12-02,55.0
2015-12-03,55.0
2015-12-04,55.0
2015-12-05,55.0
2015-12-06,55.0
2015-12-07,55.1
2015-12-08,55.4
2015-12-09,55.6
2015-12-10,55.9
2015-12-11,56.0
2015-12-12,56.0
2015-12-13,56.0
2015-12-14,56.0
2015-12-15,56.0
2015-12-16,56.0
2015-12-17,56.0
2015-12-18,56.0
2015-12-19,56.0
2015-12-20,56.0
2015-12-21,56.0
2015-12-22,56.0
2015-12-23,56.0
2015-12-24,56.0
2015-12-25,56.0
2015-12-26,56.0
2015-12-27,56.0
2015-12-28,56.0
2015-12-29,56.0
2015-12-30,56.0
2015-12-31,56.0
2016-01-01,56.0
2016-01-02,56.0
2016-01-03,56.0
2016-01-04,56.0
2016-01-05,56.0
2016-01-06,56.0
2016-01-07,56.0
2016-01-08,56.0
2016-01-09,56.0
2016-01-10,56.0
2016-01-11,56.0
2016-01-12,56.0
2016-01-13,56.0
2016-01-14,56.0
2016-01-15,55.9
2016-01-16,55.6
2016-01-17,55.4
2016-01-18,55.1
2016-01-19,55.0
2016-01-20,55.0
2016-01-21,55.0
2016-01-22,55.1
2016-01-23,55.2
2016-01-24,55.2
2016-01-25,55.3
2016-01-26,55.4
2016-01-27,55.5
2016-01-28,55.6
2016-01-29,55.7
2016-01-30,55.8
2016-01-31,55.9
2016-02-01,56.0
2016-02-02,56.1
2016-02-03,56.2
2016-02-04,56.3
2016-02-05,56.4
2016-02-06,56.4
2016-02-07,56.5
2016-02-08,56.5
2016-02-09,56.4
2016-02-10,56.3
2016-02-11,56.1
2016-02-12,56.0
2016-02-13,56.0
2016-02-14,56.0
2016-02-15,56.0
2016-02-16,56.0
2016-02-17,56.0
2016-02-18,56.0
2016-02-19,56.0
2016-02-20,56.0
2016-02-21,56.0
2016-02-22,56.0
2016-02-23,56.0
2016-02-24,56.0
2016-02-25,56.0
2016-02-26,56.0
2016-02-27,56.0
2016-02-28,56.0
2016-02-29,56.0
2016-03-01,56.0
2016-03-02,56.0
2016-03-03,56.0
2016-03-04,56.0
2016-03-05,56.0
2016-03-06,56.0
2016-03-07,56.0
2016-03-08,56.0
2016-03-09,56.0
2016-03-10,56.0
2016-03-11,56.0
2016-03-12,56.0
2016-03-13,56.0
2016-03-14,56.0
2016-03-15,56.0
2016-03-16,56.0
2016-03-17,56.0
2016-03-18,56.0
2016-03-19,56.0
2016-03-20,56.0
2016-03-21,56.0
2016-03-22,56.0
2016-03-23,56.0
2016-03-24,56.0
2016-03-25,56.0
2016-03-26,56.0
2016-03-27,56.0
2016-03-28,56.0
2016-03-29,56.0
2016-03-30,56.0
2016-03-31,56.0
2016-04-01,56.0
2016-04-02,56.0
2016-04-03,56.0
2016-04-04,56.0
2016-04-05,56.0
2016-04-06,56.0
2016-04-07,56.0
2016-04-08,56.0
2016-04-09,56.0
2016-04-10,56.0
2016-04-11,56.0
2016-04-12,56.0
2016-04-13,56.0
2016-04-14,56.0
2016-04-15,56.0
2016-04-16,56.0
2016-04-17,56.0
2016-04-18,56.0
2016-04-19,56.0
2016-04-20,56.0
2016-04-21,56.0
2016-04-22,56.0
2016-04-23,56.0
2016-04-24,56.0
2016-04-25,56.0
2016-04-26,56.0
2016-04-27,56.0
2016-04-28,56.0
2016-04-29,56.0
2016-04-30,56.0
2016-05-01,56.0
2016-05-02,56.0
2016-05-03,56.0
2016-05-04,56.0
2016-05-05,56.0
2016-05-06,56.0
2016-05-07,56.0
2016-05-08,56.0
2016-05-09,56.0
2016-05-10,56.0
2016-05-11,56.0
2016-05-12,56.0
2016-05-13,56.0
2016-05-14,56.0
2016-05-15,56.0
2016-05-16,56.0
2016-05-17,56.0
2016-05-18,56.0
2016-05-19,56.0
2016-05-20,56.0
2016-05-21,56.0
2016-05-22,56.0
2016-05-23,56.0
2016-05-24,56.0
2016-05-25,56.0
2016-05-26,56.0
2016-05-27,56.0
2016-05-28,56.0
2016-05-29,56.0
2016-05-30,56.0
2016-05-31,56.0
2016-06-01,56.0
2016-06-02,56.0
2016-06-03,56.0
2016-06-04,56.0
2016-06-05,56.0
2016-06-06,56.0
2016-06-07,56.0
2016-06-08,56.0
2016-06-09,56.0
2016-06-10,56.0
2016-06-11,56.0
2016-06-12,56.0
2016-06-13,56.0
2016-06-14,56.0
2016-06-15,56.0
2016-06-16,56.0
2016-06-17,56.0
2016-06-18,56.0
2016-06-19,56.0
2016-06-20,56.0
2016-06-21,56.0
2016-06-22,56.0
2016-06-23,56.0
2016-06-24,56.0
2016-06-25,56.0
2016-06-26,56.0
2016-06-27,56.0
2016-06-28,56.0
2016-06-29,56.1
2016-06-30,56.2
2016-07-01,56.3
2016-07-02,56.5
2016-07-03,56.7
2016-07-04,57.1
2016-07-05,57.5
2016-07-06,58.4
2016-07-07,59.0
2016-07-08,59.0
2016-07-09,59.0
2016-07-10,59.0
2016-07-11,57.5
2016-07-12,56.0
2016-07-13,56.0
2016-07-14,56.0
2016-07-15,56.0
2016-07-16,56.0
2016-07-17,56.0
2016-07-18,56.0
2016-07-19,56.0
2016-07-20,56.0
2016-07-21,56.0
2016-07-22,56.0
2016-07-23,56.0
2016-07-24,56.0
2016-07-25,56.0
2016-07-26,56.0
2016-07-27,56.0
2016-07-28,56.0
2016-07-29,56.0
2016-07-30,56.0
2016-07-31,56.0
2016-08-01,56.0
2016-08-02,56.0
2016-08-03,56.0
2016-08-04,56.0
2016-08-05,56.0
2016-08-06,56.0
2016-08-07,56.0
2016-08-08,56.0
2016-08-09,56.0
2016-08-10,56.0
2016-08-11,56.0
2016-08-12,56.0
2016-08-13,56.0
2016-08-14,56.0
2016-08-15,56.0
2016-08-16,56.0
2016-08-17,56.0
2016-08-18,56.0
2016-08-19,56.0
2016-08-20,56.0
2016-08-21,56.0
2016-08-22,56.0
2016-08-23,56.0
2016-08-24,56.0
2016-08-25,56.0
2016-08-26,56.0
2016-08-27,56.0
2016-08-28,56.0
2016-08-29,56.0
2016-08-30,56.0
2016-08-31,56.1
2016-09-01,56.2
2016-09-02,56.3
2016-09-03,56.5
2016-09-04,78.3
2016-09-05,100.0
2016-09-06,100.0
2016-09-07,100.0
2016-09-08,100.0
2016-09-09,100.0
2016-09-10,100.0
2016-09-11,100.0
2016-09-12,100.0
2016-09-13,100.0
2016-09-14,100.0
2016-09-15,100.0
2016-09-16,100.0
2016-09-17,100.0
2016-09-18,100.0
2016-09-19,99.7
2016-09-20,98.9
2016-09-21,97.7
2016-09-22,96.3
2016-09-23,95.0
2016-09-24,93.7
2016-09-25,92.1
2016-09-26,90.0
2016-09-27,86.5
2016-09-28,82.0
2016-09-29,76.4
2016-09-30,73.0
2016-10-01,74.3
2016-10-02,77.4
2016-10-03,81.5
2016-10-04,85.6
2016-10-05,88.7
2016-10-06,90.0
2016-10-07,90.0
2016-10-08,90.0
2016-10-09,90.0
2016-10-10,84.7
2016-10-11,73.0
2016-10-12,61.3
2016-10-13,56.0
2016-10-14,56.0
2016-10-15,56.0
2016-10-16,56.0
2016-10-17,56.0
2016-10-18,56.0
2016-10-19,56.0
2016-10-20,56.0
2016-10-21,56.0
2016-10-22,56.0
2016-10-23,56.0
2016-10-24,56.0
2016-10-25,56.0
2016-10-26,56.0
2016-10-27,56.0
2016-10-28,56.0
2016-10-29,56.0
2016-10-30,56.0
2016-10-31,56.0
2016-11-01,56.0
2016-11-02,56.0
2016-11-03,56.0
2016-11-04,56.0
2016-11-05,56.0
2016-11-06,56.0
2016-11-07,56.0
2016-11-08,56.0
2016-11-09,56.0
2016-11-10,56.0
2016-11-11,56.0
2016-11-12,56.0
2016-11-13,56.0
2016-11-14,56.0
2016-11-15,56.0
2016-11-16,56.0
2016-11-17,56.0
2016-11-18,56.0
2016-11-19,56.0
2016-11-20,56.0
2016-11-21,56.0
2016-11-22,56.0
2016-11-23,56.0
2016-11-24,56.0
2016-11-25,56.0
2016-11-26,56.0
2016-11-27,56.0
2016-11-28,56.0
2016-11-29,56.0
2016-11-30,56.0
2016-12-01,56.0
2016-12-02,56.0
2016-12-03,56.0
2016-12-04,56.0
2016-12-05,56.0
2016-12-06,56.0
2016-12-07,56.0
2016-12-08,56.0
2016-12-09,56.0
2016-12-10,56.0
2016-12-11,56.0
2016-12-12,56.0
2016-12-13,56.0
2016-12-14,56.0
2016-12-15,56.0
2016-12-16,56.0
2016-12-17,56.0
2016-12-18,56.0
2016-12-19,56.0
2016-12-20,56.0
2016-12-21,56.0
2016-12-22,56.0
2016-12-23,56.0
2016-12-24,56.0
2016-12-25,56.0
2016-12-26,56.0
2016-12-27,56.0
2016-12-28,56.0
2016-12-29,56.0
2016-12-30,56.0
2016-12-31,56.0
2017-01-01,56.0
2017-01-02,56.0
2017-01-03,56.0
2017-01-04,56.0
2017-01-05,56.0
2017-01-06,56.0
2017-01-07,56.0
2017-01-08,56.0
2017-01-09,56.0
2017-01-10,56.0
2017-01-11,56.0
2017-01-12,56.0
2017-01-13,56.0
2017-01-14,56.0
2017-01-15,56.0
2017-01-16,56.0
2017-01-17,56.0
2017-01-18,56.0
2017-01-19,56.0
2017-01-20,56.0
2017-01-21,56.0
2017-01-22,56.0
2017-01-23,56.0
2017-01-24,56.0
2017-01-25,56.0
2017-01-26,56.0
2017-01-27,56.0
2017-01-28,56.0
2017-01-29,56.0
2017-01-30,56.0
2017-01-31,56.0
2017-02-01,56.0
2017-02-02,56.0
2017-02-03,56.0
2017-02-04,56.0
2017-02-05,56.0
2017-02-06,56.0
2017-02-07,57.9
2017-02-08,60.0
2017-02-09,60.3
2017-02-10,60.6
2017-02-11,60.8
2017-02-12,60.9
2017-02-13,61.0
2017-02-14,61.1
2017-02-15,61.1
2017-02-16,61.2
2017-02-17,61.3
2017-02-18,61.5
2017-02-19,61.7
2017-02-20,62.0
2017-02-21,62.9
2017-02-22,64.3
2017-02-23,65.0
2017-02-24,65.0
2017-02-25,65.0
2017-02-26,65.0
2017-02-27,65.0
2017-02-28,65.0
2017-03-01,65.0
2017-03-02,65.0
2017-03-03,65.0
2017-03-04,65.0
2017-03-05,65.0
2017-03-06,65.0
2017-03-07,65.0
2017-03-08,65.0
2017-03-09,65.0
2017-03-10,65.0
2017-03-11,65.0
2017-03-12,65.0
2017-03-13,65.0
2017-03-14,65.0
2017-03-15,65.0
2017-03-16,65.0
2017-03-17,65.0
2017-03-18,65.0
2017-03-19,65.0
2017-03-20,65.0
2017-03-21,65.0
2017-03-22,65.0
2017-03-23,65.0
2017-03-24,65.0
2017-03-25,65.0
2017-03-26,65.0
2017-03-27,65.0
2017-03-28,65.0
2017-03-29,65.0
2017-03-30,65.0
2017-03-31,65.0
2017-04-01,65.0
2017-04-02,65.0
2017-04-03,65.0
2017-04-04,65.0
2017-04-05,65.0
2017-04-06,65.0
2017-04-07,65.0
2017-04-08,65.0
2017-04-09,65.0
2017-04-10,65.0
2017-04-11,65.0
2017-04-12,65.0
2017-04-13,65.0
2017-04-14,65.0
2017-04-15,65.0
2017-04-16,65.0
2017-04-17,65.0
2017-04-18,65.0
2017-04-19,65.0
2017-04-20,65.0
2017-04-21,65.0
2017-04-22,65.0
2017-04-23,65.0
2017-04-24,65.0
2017-04-25,65.0
2017-04-26,65.0
2017-04-27,65.0
2017-04-28,65.0
2017-04-29,65.0
2017-04-30,65.0
2017-05-01,65.0
2017-05-02,65.0
2017-05-03,65.0
2017-05-04,65.0
2017-05-05,65.0
2017-05-06,65.0
2017-05-07,65.0
2017-05-08,65.0
2017-05-09,65.0
2017-05-10,65.0
2017-05-11,65.0
2017-05-12,65.0
2017-05-13,65.0
2017-05-14,64.9
2017-05-15,64.8
2017-05-16,64.5
2017-05-17,64.2
2017-05-18,64.0
2017-05-19,63.8
2017-05-20,63.5
2017-05-21,63.2
2017-05-22,63.0
2017-05-23,62.8
2017-05-24,62.7
2017-05-25,62.6
2017-05-26,62.5
2017-05-27,62.4
2017-05-28,62.3
2017-05-29,62.2
2017-05-30,62.0
2017-05-31,61.8
2017-06-01,61.6
2017-06-02,61.3
2017-06-03,61.0
2017-06-04,60.7
2017-06-05,60.2
2017-06-06,59.7
2017-06-07,59.1
2017-06-08,58.4
2017-06-09,57.6
2017-06-10,56.7
2017-06-11,55.6
2017-06-12,54.4
2017-06-13,53.0
2017-06-14,46.4
2017-06-15,40.0
2017-06-16,39.2
2017-06-17,38.4
2017-06-18,37.8
2017-06-19,37.2
2017-06-20,36.7
2017-06-21,36.3
2017-06-22,36.0
2017-06-23,35.7
2017-06-24,35.5
2017-06-25,35.3
2017-06-26,35.1
2017-06-27,35.1
2017-06-28,35.0
2017-06-29,35.0
2017-06-30,35.0
2017-07-01,35.0
2017-07-02,35.0
2017-07-03,35.0
2017-07-04,35.0
2017-07-05,35.0
2017-07-06,35.0
2017-07-07,35.0
2017-07-08,35.0
2017-07-09,35.0
2017-07-10,35.0
2017-07-11,35.0
2017-07-12,35.0
2017-07-13,35.0
2017-07-14,35.0
2017-07-15,35.0
2017-07-16,35.0
2017-07-17,34.5
2017-07-18,33.2
2017-07-19,31.8
2017-07-20,30.5
2017-07-21,30.0
2017-07-22,30.0
2017-07-23,30.0
2017-07-24,30.0
2017-07-25,30.0
2017-07-26,30.0
2017-07-27,30.0
2017-07-28,30.0
2017-07-29,30.0
2017-07-30,30.0
2017-07-31,30.0
2017-08-01,30.0
2017-08-02,30.0
2017-08-03,30.0
2017-08-04,30.0
2017-08-05,30.0
2017-08-06,30.0
2017-08-07,30.0
2017-08-08,30.0
2017-08-09,30.0
2017-08-10,30.0
2017-08-11,30.0
2017-08-12,30.0
2017-08-13,30.5
2017-08-14,31.9
2017-08-15,33.9
2017-08-16,36.3
2017-08-17,39.0
2017-08-18,43.8
2017-08-19,50.9
2017-08-20,57.2
2017-08-21,60.0
2017-08-22,60.0
2017-08-23,60.0
2017-08-24,60.0
2017-08-25,60.0
2017-08-26,60.0
2017-08-27,60.0
2017-08-28,60.0
2017-08-29,60.0
2017-08-30,60.0
2017-08-31,60.0
2017-09-01,60.0
2017-09-02,60.0
2017-09-03,60.4
2017-09-04,61.5
2017-09-05,62.8
2017-09-06,64.1
2017-09-07,65.0
2017-09-08,65.6
2017-09-09,66.2
2017-09-10,66.8
2017-09-11,67.4
2017-09-12,67.9
2017-09-13,68.4
2017-09-14,68.9
2017-09-15,69.3
2017-09-16,69.6
2017-09-17,69.8
2017-09-18,69.9
2017-09-19,70.0
2017-09-20,70.0
2017-09-21,70.0
2017-09-22,70.0
2017-09-23,70.0
2017-09-24,70.0
2017-09-25,70.0
2017-09-26,70.0
2017-09-27,70.0
2017-09-28,70.0
2017-09-29,70.0
2017-09-30,70.0
2017-10-01,70.0
2017-10-02,70.0
2017-10-03,70.0
2017-10-04,70.0
2017-10-05,70.0
2017-10-06,70.0
2017-10-07,70.0
2017-10-08,70.0
2017-10-09,70.0
2017-10-10,70.0
2017-10-11,70.0
2017-10-12,70.0
2017-10-13,70.0
2017-10-14,70.0
2017-10-15,70.0
2017-10-16,70.0
2017-10-17,70.0
2017-10-18,70.0
2017-10-19,70.0
2017-10-20,70.0
2017-10-21,70.0
2017-10-22,70.0
2017-10-23,70.0
2017-10-24,70.0
2017-10-25,70.0
2017-10-26,70.0
2017-10-27,70.0
2017-10-28,70.0
2017-10-29,70.0
2017-10-30,70.0
2017-10-31,70.0
2017-11-01,70.0
2017-11-02,70.0
2017-11-03,70.0
2017-11-04,70.0
2017-11-05,70.0
2017-11-06,70.0
2017-11-07,70.0
2017-11-08,70.0
2017-11-09,70.0
2017-11-10,70.0
2017-11-11,70.0
2017-11-12,70.0
2017-11-13,70.0
2017-11-14,70.0
2017-11-15,70.0
2017-11-16,70.0
2017-11-17,70.0
2017-11-18,70.0
2017-11-19,70.0
2017-11-20,70.0
2017-11-21,70.0
2017-11-22,70.0
2017-11-23,70.0
2017-11-24,70.0
2017-11-25,70.0
2017-11-26,70.0
2017-11-27,70.0
2017-11-28,70.0
2017-11-29,70.0
2017-11-30,70.0
2017-12-01,70.0
2017-12-02,70.0
2017-12-03,70.0
2017-12-04,70.0
2017-12-05,70.0
2017-12-06,70.0
2017-12-07,70.0
2017-12-08,70.0
2017-12-09,70.0
2017-12-10,70.0
2017-12-11,70.0
2017-12-12,70.0
2017-12-13,70.0
2017-12-14,70.0
2017-12-15,70.0
2017-12-16,70.0
2017-12-17,70.0
2017-12-18,70.0
2017-12-19,70.0
2017-12-20,70.0
2017-12-21,70.0
2017-12-22,70.0
2017-12-23,70.0
2017-12-24,70.0
2017-12-25,70.0
2017-12-26,70.0
2017-12-27,70.0
2017-12-28,70.0
2017-12-29,70.0
2017-12-30,70.0
2017-12-31,70.0
2018-01-01,70.0
2018-01-02,70.0
2018-01-03,70.0
2018-01-04,70.0
2018-01-05,70.0
2018-01-06,70.0
2018-01-07,70.0
2018-01-08,70.0
2018-01-09,70.0
2018-01-10,70.0
2018-01-11,70.0
2018-01-12,70.0
2018-01-13,70.0
2018-01-14,70.0
2018-01-15,70.0
2018-01-16,70.0
2018-01-17,70.0
2018-01-18,70.0
2018-01-19,70.0
2018-01-20,70.0
2018-01-21,70.0
2018-01-22,70.0
2018-01-23,70.0
2018-01-24,70.0
2018-01-25,70.0
2018-01-26,70.0
2018-01-27,70.0
2018-01-28,70.0
2018-01-29,70.0
2018-01-30,70.0
2018-01-31,70.0
2018-02-01,70.0
2018-02-02,70.0
2018-02-03,70.0
2018-02-04,70.0
2018-02-05,70.0
2018-02-06,70.0
2018-02-07,70.0
2018-02-08,70.0
2018-02-09,70.0
2018-02-10,70.0
2018-02-11,70.0
2018-02-12,70.0
2018-02-13,70.0
2018-02-14,70.0
2018-02-15,70.0
2018-02-16,70.0
2018-02-17,70.0
2018-02-18,70.0
2018-02-19,70.0
2018-02-20,70.0
2018-02-21,70.0
2018-02-22,70.0
2018-02-23,70.0
2018-02-24,70.0
2018-02-25,70.0
2018-02-26,70.0
2018-02-27,70.0
2018-02-28,70.0
2018-03-01,70.0
2018-03-02,70.0
2018-03-03,70.0
2018-03-04,70.0
2018-03-05,70.0
2018-03-06,70.0
2018-03-07,70.0
2018-03-08,70.1
2018-03-09,70.2
2018-03-10,70.5
2018-03-11,70.8
2018-03-12,71.0
2018-03-13,71.3
2018-03-14,71.6
2018-03-15,71.9
2018-03-16,72.2
2018-03-17,72.5
2018-03-18,72.8
2018-03-19,72.9
2018-03-20,73.0
2018-03-21,73.0
2018-03-22,73.0
2018-03-23,73.0
2018-03-24,73.0
2018-03-25,73.0
2018-03-26,73.0
2018-03-27,73.0
2018-03-28,73.0
2018-03-29,73.0
2018-03-30,73.0
2018-03-31,73.0
2018-04-01,73.0
2018-04-02,73.2
2018-04-03,73.7
2018-04-04,74.3
2018-04-05,74.8
2018-04-06,75.0
2018-04-07,75.0
2018-04-08,75.0
2018-04-09,75.0
2018-04-10,75.0
2018-04-11,75.0
2018-04-12,75.0
2018-04-13,75.0
2018-04-14,75.0
2018-04-15,75.0
2018-04-16,75.0
2018-04-17,75.0
2018-04-18,75.0
2018-04-19,75.0
2018-04-20,75.0
2018-04-21,75.0
2018-04-22,75.0
2018-04-23,75.0
2018-04-24,76.0
2018-04-25,77.0
2018-04-26,77.0
2018-04-27,77.0
2018-04-28,77.0
2018-04-29,77.0
2018-04-30,77.0
2018-05-01,77.0
2018-05-02,77.0
2018-05-03,77.0
2018-05-04,77.0
2018-05-05,77.0
2018-05-06,77.0
2018-05-07,77.0
2018-05-08,77.0
2018-05-09,77.0
2018-05-10,77.0
2018-05-11,77.0
2018-05-12,77.0
2018-05-13,76.9
2018-05-14,76.7
2018-05-15,76.6
2018-05-16,76.4
2018-05-17,76.2
2018-05-18,76.0
2018-05-19,76.0
2018-05-20,76.0
2018-05-21,76.0
2018-05-22,76.0
2018-05-23,76.0
2018-05-24,76.0
2018-05-25,76.0
2018-05-26,76.0
2018-05-27,76.0
2018-05-28,76.0
2018-05-29,76.0
2018-05-30,76.0
2018-05-31,76.0
2018-06-01,75.9
2018-06-02,75.6
2018-06-03,75.4
2018-06-04,75.1
2018-06-05,75.0
2018-06-06,75.0
2018-06-07,75.0
2018-06-08,75.0
2018-06-09,75.0
2018-06-10,75.0
2018-06-11,75.0
2018-06-12,75.0
2018-06-13,75.0
2018-06-14,75.0
2018-06-15,75.0
2018-06-16,75.0
2018-06-17,75.0
2018-06-18,75.0
2018-06-19,75.0
2018-06-20,75.0
2018-06-21,75.0
2018-06-22,75.0
2018-06-23,75.0
2018-06-24,75.0
2018-06-25,75.0
2018-06-26,75.0
2018-06-27,75.0
2018-06-28,75.1
2018-06-29,75.2
2018-06-30,75.5
2018-07-01,75.7
2018-07-02,76.0
2018-07-03,76.4
2018-07-04,76.8
2018-07-05,77.0
2018-07-06,77.0
2018-07-07,76.9
2018-07-08,76.8
2018-07-09,76.6
2018-07-10,76.5
2018-07-11,76.3
2018-07-12,76.2
2018-07-13,76.0
2018-07-14,75.8
2018-07-15,75.7
2018-07-16,75.5
2018-07-17,75.3
2018-07-18,75.1
2018-07-19,75.0
2018-07-20,74.9
2018-07-21,74.8
2018-07-22,74.7
2018-07-23,74.6
2018-07-24,74.6
2018-07-25,74.5
2018-07-26,74.5
2018-07-27,74.4
2018-07-28,74.3
2018-07-29,74.3
2018-07-30,74.2
2018-07-31,74.1
2018-08-01,74.1
2018-08-02,74.0
2018-08-03,73.9
2018-08-04,73.8
2018-08-05,73.7
2018-08-06,73.6
2018-08-07,73.5
2018-08-08,73.4
2018-08-09,73.3
2018-08-10,73.2
2018-08-11,73.1
2018-08-12,73.1
2018-08-13,73.0
2018-08-14,73.0
2018-08-15,73.0
2018-08-16,73.0
2018-08-17,73.0
2018-08-18,73.0
2018-08-19,73.0
2018-08-20,73.0
2018-08-21,73.0
2018-08-22,73.0
2018-08-23,73.0
2018-08-24,73.0
2018-08-25,73.0
2018-08-26,73.0
2018-08-27,73.0
2018-08-28,73.0
2018-08-29,73.0
2018-08-30,73.0
2018-08-31,73.0
2018-09-01,73.0
2018-09-02,73.0
2018-09-03,73.0
2018-09-04,73.0
2018-09-05,73.0
2018-09-06,73.0
2018-09-07,73.0
2018-09-08,73.1
2018-09-09,73.4
2018-09-10,73.6
2018-09-11,73.9
2018-09-12,74.0
2018-09-13,74.0
2018-09-14,74.0
2018-09-15,74.0
2018-09-16,74.0
2018-09-17,74.0
2018-09-18,74.0
2018-09-19,74.0
2018-09-20,74.0
2018-09-21,74.0
2018-09-22,74.0
2018-09-23,74.0
2018-09-24,74.0
2018-09-25,74.0
2018-09-26,74.0
2018-09-27,74.0
2018-09-28,74.0
2018-09-29,74.0
2018-09-30,74.0
2018-10-01,74.0
2018-10-02,74.0
2018-10-03,74.0
2018-10-04,74.2
2018-10-05,74.7
2018-10-06,75.5
2018-10-07,76.3
2018-10-08,77.0
2018-10-09,77.7
2018-10-10,78.3
2018-10-11,79.1
2018-10-12,80.0
2018-10-13,81.4
2018-10-14,83.5
2018-10-15,85.8
2018-10-16,87.9
2018-10-17,89.4
2018-10-18,90.0
2018-10-19,90.0
2018-10-20,90.0
2018-10-21,90.0
2018-10-22,90.0
2018-10-23,90.0
2018-10-24,90.0
2018-10-25,90.0
2018-10-26,90.0
2018-10-27,90.0
2018-10-28,90.0
2018-10-29,90.0
2018-10-30,90.0
2018-10-31,90.0
2018-11-01,90.0
2018-11-02,90.0
2018-11-03,90.0
2018-11-04,90.0
2018-11-05,90.0
2018-11-06,90.0
2018-11-07,90.0
2018-11-08,90.0
2018-11-09,90.0
2018-11-10,90.0
2018-11-11,90.0
2018-11-12,90.0
2018-11-13,90.0
2018-11-14,90.0
2018-11-15,90.0
2018-11-16,90.0
2018-11-17,90.0
2018-11-18,90.0
2018-11-19,90.0
2018-11-20,90.0
2018-11-21,90.0
2018-11-22,90.0
2018-11-23,90.0
2018-11-24,90.0
2018-11-25,90.0
2018-11-26,90.0
2018-11-27,90.0
2018-11-28,90.0
2018-11-29,90.0
2018-11-30,90.0
2018-12-01,90.0
2018-12-02,90.0
2018-12-03,90.0
2018-12-04,90.0
2018-12-05,90.0
2018-12-06,90.0
2018-12-07,90.0
2018-12-08,90.0
2018-12-09,90.0
2018-12-10,90.0
2018-12-11,90.0
2018-12-12,90.0
2018-12-13,90.0
2018-12-14,90.0
2018-12-15,90.0
2018-12-16,90.0
2018-12-17,90.0
2018-12-18,90.0
2018-12-19,90.0
2018-12-20,90.0
2018-12-21,90.0
2018-12-22,90.0
2018-12-23,90.0
2018-12-24,90.0
2018-12-25,90.0
2018-12-26,90.0
2018-12-27,90.0
2018-12-28,90.0
2018-12-29,90.0
2018-12-30,90.0
2018-12-31,90.0
2019-01-01,89.0
2019-01-02,89.0
2019-01-03,89.0
2019-01-04,89.0
2019-01-05,89.0
2019-01-06,89.0
2019-01-07,89.0
2019-01-08,89.0
2019-01-09,89.0
2019-01-10,89.0
2019-01-11,89.0
2019-01-12,89.0
2019-01-13,89.0
2019-01-14,89.0
2019-01-15,89.0
2019-01-16,89.0
2019-01-17,89.0
2019-01-18,89.0
2019-01-19,89.0
2019-01-20,89.0
2019-01-21,89.0
2019-01-22,89.0
2019-01-23,89.0
2019-01-24,89.0
2019-01-25,89.0
2019-01-26,89.0
2019-01-27,89.0
2019-01-28,89.0
2019-01-29,89.0
2019-01-30,89.0
2019-01-31,89.0
2019-02-01,89.0
2019-02-02,89.0
2019-02-03,89.0
2019-02-04,89.0
2019-02-05,89.0
2019-02-06,89.0
2019-02-07,89.0
2019-02-08,89.0
2019-02-09,89.0
2019-02-10,89.0
2019-02-11,89.0
2019-02-12,89.0
2019-02-13,89.0
2019-02-14,89.0
2019-02-15,89.0
2019-02-16,89.0
2019-02-17,89.0
2019-02-18,89.0
2019-02-19,89.0
2019-02-20,89.0
2019-02-21,89.0
2019-02-22,89.0
2019-02-23,89.0
2019-02-24,89.0
2019-02-25,89.0
2019-02-26,89.0
2019-02-27,89.0
2019-02-28,89.0
2019-03-01,88.9
2019-03-02,88.6
2019-03-03,88.4
2019-03-04,88.1
2019-03-05,88.0
2019-03-06,88.0
2019-03-07,88.0
2019-03-08,88.0
2019-03-09,88.0
2019-03-10,88.0
2019-03-11,88.0
2019-03-12,88.0
2019-03-13,88.0
2019-03-14,88.0
2019-03-15,88.0
2019-03-16,88.0
2019-03-17,88.0
2019-03-18,88.0
2019-03-19,88.0
2019-03-20,88.0
2019-03-21,88.0
2019-03-22,88.0
2019-03-23,88.0
2019-03-24,88.0
2019-03-25,88.0
2019-03-26,88.0
2019-03-27,88.0
2019-03-28,88.0
2019-03-29,88.0
2019-03-30,88.0
2019-03-31,88.0
2019-04-01,88.0
2019-04-02,88.0
2019-04-03,88.0
2019-04-04,88.0
2019-04-05,88.0
2019-04-06,88.0
2019-04-07,88.0
2019-04-08,88.0
2019-04-09,88.0
2019-04-10,88.0
2019-04-11,88.0
2019-04-12,88.0
2019-04-13,88.0
2019-04-14,87.9
2019-04-15,87.6
2019-04-16,87.4
2019-04-17,87.1
2019-04-18,87.0
2019-04-19,87.0
2019-04-20,87.0
2019-04-21,87.0
2019-04-22,87.0
2019-04-23,87.0
2019-04-24,87.0
2019-04-25,87.0
2019-04-26,87.0
2019-04-27,87.0
2019-04-28,87.0
2019-04-29,87.0
2019-04-30,87.0
2019-05-01,87.0
2019-05-02,87.0
2019-05-03,87.0
2019-05-04,86.5
2019-05-05,85.4
2019-05-06,84.0
2019-05-07,82.7
2019-05-08,82.0
2019-05-09,81.7
2019-05-10,81.5
2019-05-11,81.4
2019-05-12,81.2
2019-05-13,81.0
2019-05-14,80.5
2019-05-15,79.9
2019-05-16,79.3
2019-05-17,79.0
2019-05-18,79.0
2019-05-19,79.0
2019-05-20,79.0
2019-05-21,79.0
2019-05-22,79.0
2019-05-23,79.0
2019-05-24,79.0
2019-05-25,79.0
2019-05-26,79.0
2019-05-27,79.0
2019-05-28,79.0
2019-05-29,79.0
2019-05-30,79.0
2019-05-31,79.0
2019-06-01,79.0
2019-06-02,79.0
2019-06-03,79.0
2019-06-04,79.0
2019-06-05,79.0
2019-06-06,79.0
2019-06-07,79.0
2019-06-08,79.0
2019-06-09,79.0
2019-06-10,79.0
2019-06-11,79.0
2019-06-12,79.0
2019-06-13,79.0
2019-06-14,79.0
2019-06-15,79.0
2019-06-16,79.0
2019-06-17,78.8
2019-06-18,78.3
2019-06-19,77.7
2019-06-20,77.2
2019-06-21,77.0
2019-06-22,77.6
2019-06-23,79.1
2019-06-24,81.0
2019-06-25,82.9
2019-06-26,84.4
2019-06-27,85.0
2019-06-28,84.9
2019-06-29,84.7
2019-06-30,84.4
2019-07-01,83.9
2019-07-02,83.5
2019-07-03,83.0
2019-07-04,82.3
2019-07-05,81.4
2019-07-06,80.3
2019-07-07,79.3
2019-07-08,78.5
2019-07-09,78.0
2019-07-10,77.8
2019-07-11,77.6
2019-07-12,77.4
2019-07-13,77.3
2019-07-14,77.2
2019-07-15,77.1
2019-07-16,77.0
2019-07-17,77.0
2019-07-18,77.5
2019-07-19,78.8
2019-07-20,80.2
2019-07-21,81.5
2019-07-22,82.0
2019-07-23,81.9
2019-07-24,81.7
2019-07-25,81.3
2019-07-26,80.8
2019-07-27,80.2
2019-07-28,79.6
2019-07-29,78.9
2019-07-30,78.2
2019-07-31,77.6
2019-08-01,77.0
2019-08-02,76.3
2019-08-03,75.5
2019-08-04,74.8
2019-08-05,74.2
2019-08-06,74.0
2019-08-07,74.0
2019-08-08,74.0
2019-08-09,74.0
2019-08-10,74.0
2019-08-11,74.0
2019-08-12,74.0
2019-08-13,74.0
2019-08-14,74.0
2019-08-15,74.0
2019-08-16,74.0
2019-08-17,74.0
2019-08-18,74.1
2019-08-19,74.5
2019-08-20,75.0
2019-08-21,75.5
2019-08-22,76.0
2019-08-23,76.4
2019-08-24,76.9
2019-08-25,77.4
2019-08-26,77.9
2019-08-27,78.4
2019-08-28,78.9
2019-08-29,79.4
2019-08-30,79.8
2019-08-31,80.2
2019-09-01,80.5
2019-09-02,80.8
2019-09-03,80.9
2019-09-04,81.0
2019-09-05,80.9
2019-09-06,80.7
2019-09-07,80.4
2019-09-08,80.0
2019-09-09,79.5
2019-09-10,79.0
2019-09-11,78.5
2019-09-12,78.0
2019-09-13,77.5
2019-09-14,77.0
2019-09-15,76.6
2019-09-16,76.3
2019-09-17,76.1
2019-09-18,76.0
2019-09-19,76.0
2019-09-20,76.0
2019-09-21,76.0
2019-09-22,76.0
2019-09-23,76.0
2019-09-24,76.0
2019-09-25,76.0
2019-09-26,76.0
2019-09-27,76.0
2019-09-28,76.0
2019-09-29,76.0
2019-09-30,76.5
2019-10-01,77.8
2019-10-02,79.2
2019-10-03,80.5
2019-10-04,81.0
2019-10-05,80.9
2019-10-06,80.5
2019-10-07,80.0
2019-10-08,79.5
2019-10-09,79.1
2019-10-10,79.0
2019-10-11,79.0
2019-10-12,79.0
2019-10-13,79.0
2019-10-14,79.0
2019-10-15,79.0
2019-10-16,79.0
2019-10-17,79.0
2019-10-18,79.0
2019-10-19,79.0
2019-10-20,79.0
2019-10-21,79.0
2019-10-22,79.0
2019-10-23,79.0
2019-10-24,79.0
2019-10-25,79.0
2019-10-26,79.0
2019-10-27,79.0
2019-10-28,79.0
2019-10-29,79.0
2019-10-30,79.0
2019-10-31,79.0
2019-11-01,79.0
2019-11-02,79.0
2019-11-03,79.0
2019-11-04,79.0
2019-11-05,79.0
2019-11-06,79.0
2019-11-07,79.0
2019-11-08,79.0
2019-11-09,79.0
2019-11-10,78.8
2019-11-11,78.3
2019-11-12,77.7
2019-11-13,77.2
2019-11-14,77.0
2019-11-15,77.0
2019-11-16,77.0
2019-11-17,77.0
2019-11-18,77.0
2019-11-19,77.0
2019-11-20,77.0
2019-11-21,77.0
2019-11-22,77.0
2019-11-23,77.0
2019-11-24,77.0
2019-11-25,77.0
2019-11-26,77.0
2019-11-27,77.0
2019-11-28,77.0
2019-11-29,77.0
2019-11-30,77.0
2019-12-01,77.0
2019-12-02,77.0
2019-12-03,77.0
2019-12-04,77.0
2019-12-05,77.0
2019-12-06,77.0
2019-12-07,77.0
2019-12-08,77.0
2019-12-09,77.0
2019-12-10,77.0
2019-12-11,77.0
2019-12-12,77.0
2019-12-13,77.0
2019-12-14,77.0
2019-12-15,77.0
2019-12-16,77.0
2019-12-17,77.0
2019-12-18,77.0
2019-12-19,77.0
2019-12-20,76.9
2019-12-21,76.6
2019-12-22,76.4
2019-12-23,76.1
2019-12-24,76.0
2019-12-25,76.0
2019-12-26,76.0
2019-12-27,76.0
2019-12-28,76.0
2019-12-29,76.0
2019-12-30,76.0
2019-12-31,76.0
2020-01-01,76.8
2020-01-02,76.8
2020-01-03,76.8
2020-01-04,76.8
2020-01-05,76.8
2020-01-06,76.8
2020-01-07,76.8
2020-01-08,76.8
2020-01-09,76.8
2020-01-10,76.8
2020-01-11,76.8
2020-01-12,76.8
2020-01-13,76.8
2020-01-14,76.8
2020-01-15,76.8
2020-01-16,76.8
2020-01-17,76.8
2020-01-18,76.8
2020-01-19,76.8
2020-01-20,76.8
2020-01-21,76.8
2020-01-22,76.8
2020-01-23,76.8
2020-01-24,76.8
2020-01-25,76.8
2020-01-26,76.8
2020-01-27,76.8
2020-01-28,76.8
2020-01-29,76.8
2020-01-30,76.8
2020-01-31,76.8
2020-02-01,76.8
2020-02-02,76.8
2020-02-03,76.8
2020-02-04,76.8
2020-02-05,76.8
2020-02-06,76.8
2020-02-07,76.8
2020-02-08,76.8
2020-02-09,76.8
2020-02-10,76.8
2020-02-11,76.8
2020-02-12,76.8
2020-02-13,76.8
2020-02-14,76.8
2020-02-15,76.8
2020-02-16,76.8
2020-02-17,76.8
2020-02-18,76.8
2020-02-19,76.8
2020-02-20,76.8
2020-02-21,76.8
2020-02-22,76.8
2020-02-23,76.8
2020-02-24,76.8
2020-02-25,76.8
2020-02-26,76.8
2020-02-27,76.8
2020-02-28,76.8
2020-02-29,76.8
2020-03-01,76.8
2020-03-02,76.8
2020-03-03,76.8
2020-03-04,76.8
2020-03-05,76.8
2020-03-06,76.8
2020-03-07,76.8
2020-03-08,76.8
2020-03-09,76.8
2020-03-10,76.8
2020-03-11,76.8
2020-03-12,76.8
2020-03-13,76.8
2020-03-14,76.8
2020-03-15,76.8
2020-03-16,76.8
2020-03-17,76.8
2020-03-18,76.8
2020-03-19,76.8
2020-03-20,76.8
2020-03-21,76.8
2020-03-22,76.8
2020-03-23,76.8
2020-03-24,76.8
2020-03-25,76.8
2020-03-26,76.8
2020-03-27,76.8
2020-03-28,76.8
2020-03-29,76.8
2020-03-30,76.8
2020-03-31,76.8
2020-04-01,76.8
2020-04-02,76.8
2020-04-03,76.8
2020-04-04,76.8
2020-04-05,76.8
2020-04-06,76.8
2020-04-07,76.8
2020-04-08,76.8
2020-04-09,76.8
2020-04-10,76.8
2020-04-11,76.8
2020-04-12,76.8
2020-04-13,76.8
2020-04-14,76.8
2020-04-15,76.8
2020-04-16,76.8
2020-04-17,76.8
2020-04-18,76.8
2020-04-19,76.8
2020-04-20,76.8
2020-04-21,76.8
2020-04-22,76.8
2020-04-23,76.8
2020-04-24,76.8
2020-04-25,76.8
2020-04-26,76.8
2020-04-27,76.8
2020-04-28,76.8
2020-04-29,76.8
2020-04-30,76.8
2020-05-01,76.8
2020-05-02,76.8
2020-05-03,76.8
2020-05-04,76.8
2020-05-05,76.8
2020-05-06,76.8
2020-05-07,76.8
2020-05-08,76.8
2020-05-09,76.8
2020-05-10,76.8
2020-05-11,76.8
2020-05-12,76.8
2020-05-13,76.8
2020-05-14,76.8
2020-05-15,76.8
2020-05-16,76.8
2020-05-17,76.8
2020-05-18,76.8
2020-05-19,76.8
2020-05-20,76.8
2020-05-21,76.8
2020-05-22,76.8
2020-05-23,76.8
2020-05-24,76.8
2020-05-25,76.8
2020-05-26,76.8
2020-05-27,76.8
2020-05-28,76.8
2020-05-29,76.8
2020-05-30,76.8
2020-05-31,76.8
2020-06-01,76.8
2020-06-02,76.8
2020-06-03,76.8
2020-06-04,76.8
2020-06-05,76.8
2020-06-06,76.8
2020-06-07,76.8
2020-06-08,76.8
2020-06-09,76.8
2020-06-10,76.8
2020-06-11,76.8
2020-06-12,76.8
2020-06-13,76.8
2020-06-14,76.8
2020-06-15,76.8
2020-06-16,76.8
2020-06-17,76.8
2020-06-18,76.8
2020-06-19,76.8
2020-06-20,76.8
2020-06-21,76.8
2020-06-22,76.8
2020-06-23,76.8
2020-06-24,76.8
2020-06-25,76.8
2020-06-26,76.8
2020-06-27,76.8
2020-06-28,76.8
2020-06-29,76.8
2020-06-30,76.8
2020-07-01,76.8
2020-07-02,76.8
2020-07-03,76.8
2020-07-04,76.8
2020-07-05,76.8
2020-07-06,76.8
2020-07-07,76.8
2020-07-08,76.8
2020-07-09,76.8
2020-07-10,76.8
2020-07-11,76.8
2020-07-12,76.8
2020-07-13,81.4
2020-07-14,86.1
2020-07-15,86.1
2020-07-16,86.1
2020-07-17,86.1
2020-07-18,86.1
2020-07-19,86.1
2020-07-20,86.1
2020-07-21,86.1
2020-07-22,86.1
2020-07-23,86.1
2020-07-24,86.1
2020-07-25,86.1
2020-07-26,86.1
2020-07-27,86.1
2020-07-28,86.1
2020-07-29,88.4
2020-07-30,90.7
2020-07-31,90.7
2020-08-01,90.7
2020-08-02,90.7
2020-08-03,90.7
2020-08-04,90.7
2020-08-05,90.7
2020-08-06,90.7
2020-08-07,90.7
2020-08-08,90.7
2020-08-09,90.7
2020-08-10,90.7
2020-08-11,90.7
2020-08-12,90.7
2020-08-13,90.7
2020-08-14,90.7
2020-08-15,90.7
2020-08-16,90.7
2020-08-17,90.7
2020-08-18,90.7
2020-08-19,90.7
2020-08-20,90.7
2020-08-21,90.7
2020-08-22,90.7
2020-08-23,90.7
2020-08-24,90.7
2020-08-25,90.7
2020-08-26,90.7
2020-08-27,90.7
2020-08-28,90.7
2020-08-29,90.7
2020-08-30,89.1
2020-08-31,86.1
2020-09-01,82.5
2020-09-02,78.6
2020-09-03,76.8
2020-09-04,76.8
2020-09-05,76.8
2020-09-06,76.8
2020-09-07,76.8
2020-09-08,76.8
2020-09-09,76.8
2020-09-10,76.8
2020-09-11,76.8
2020-09-12,76.8
2020-09-13,76.8
2020-09-14,76.8
2020-09-15,76.8
2020-09-16,76.8
2020-09-17,76.8
2020-09-18,76.8
2020-09-19,76.8
2020-09-20,76.8
2020-09-21,76.8
2020-09-22,76.8
2020-09-23,76.8
2020-09-24,76.8
2020-09-25,76.8
2020-09-26,76.8
2020-09-27,76.8
2020-09-28,76.8
2020-09-29,76.8
2020-09-30,76.8
2020-10-01,76.8
2020-10-02,76.8
2020-10-03,76.8
2020-10-04,76.8
2020-10-05,76.8
2020-10-06,76.8
2020-10-07,76.8
2020-10-08,76.8
2020-10-09,76.8
2020-10-10,76.8
2020-10-11,76.8
2020-10-12,76.8
2020-10-13,76.8
2020-10-14,76.8
2020-10-15,76.8
2020-10-16,76.8
2020-10-17,76.8
2020-10-18,76.8
2020-10-19,76.8
2020-10-20,76.8
2020-10-21,76.8
2020-10-22,76.8
2020-10-23,76.8
2020-10-24,76.8
2020-10-25,76.8
2020-10-26,76.8
2020-10-27,76.8
2020-10-28,76.8
2020-10-29,76.8
2020-10-30,76.8
2020-10-31,76.8
2020-11-01,76.8
2020-11-02,76.8
2020-11-03,76.8
2020-11-04,76.8
2020-11-05,76.8
2020-11-06,76.8
2020-11-07,76.8
2020-11-08,76.8
2020-11-09,76.8
2020-11-10,76.8
2020-11-11,76.8
2020-11-12,76.8
2020-11-13,76.8
2020-11-14,76.8
2020-11-15,76.8
2020-11-16,76.8
2020-11-17,76.8
2020-11-18,76.8
2020-11-19,76.8
2020-11-20,76.8
2020-11-21,76.8
2020-11-22,76.8
2020-11-23,76.8
2020-11-24,76.8
2020-11-25,76.8
2020-11-26,76.8
2020-11-27,76.8
2020-11-28,76.8
2020-11-29,76.8
2020-11-30,76.8
2020-12-01,76.8
2020-12-02,76.8
2020-12-03,76.8
2020-12-04,76.8
2020-12-05,76.8
2020-12-06,76.8
2020-12-07,76.8
2020-12-08,76.8
2020-12-09,76.8
2020-12-10,76.8
2020-12-11,76.8
2020-12-12,76.8
2020-12-13,76.8
2020-12-14,76.8
2020-12-15,76.8
2020-12-16,76.8
2020-12-17,76.8
2020-12-18,76.8
2020-12-19,76.8
2020-12-20,76.8
2020-12-21,76.8
2020-12-22,76.8
2020-12-23,76.8
2020-12-24,76.8
2020-12-25,76.8
2020-12-26,76.8
2020-12-27,76.8
2020-12-28,76.8
2020-12-29,76.8
2020-12-30,76.8
2020-12-31,76.8
2021-01-01,75.0
2021-01-02,75.0
2021-01-03,75.0
2021-01-04,75.0
2021-01-05,75.0
2021-01-06,75.0
2021-01-07,75.0
2021-01-08,75.0
2021-01-09,75.0
2021-01-10,75.0
2021-01-11,75.0
2021-01-12,75.0
2021-01-13,75.0
2021-01-14,75.0
2021-01-15,75.0
2021-01-16,75.0
2021-01-17,75.0
2021-01-18,75.0
2021-01-19,75.0
2021-01-20,75.0
2021-01-21,75.0
2021-01-22,75.0
2021-01-23,75.0
2021-01-24,75.0
2021-01-25,75.0
2021-01-26,75.0
2021-01-27,75.0
2021-01-28,75.0
2021-01-29,75.0
2021-01-30,75.0
2021-01-31,75.0
2021-02-01,75.0
2021-02-02,75.0
2021-02-03,75.0
2021-02-04,75.0
2021-02-05,75.0
2021-02-06,75.0
2021-02-07,75.0
2021-02-08,75.0
2021-02-09,75.0
2021-02-10,75.0
2021-02-11,75.0
2021-02-12,75.0
2021-02-13,75.0
2021-02-14,75.0
2021-02-15,75.0
2021-02-16,75.0
2021-02-17,75.0
2021-02-18,75.0
2021-02-19,75.0
2021-02-20,75.0
2021-02-21,75.0
2021-02-22,75.0
2021-02-23,75.0
2021-02-24,75.0
2021-02-25,75.0
2021-02-26,75.0
2021-02-27,75.0
2021-02-28,75.0
2021-03-01,75.0
2021-03-02,75.0
2021-03-03,75.0
2021-03-04,75.0
2021-03-05,75.0
2021-03-06,75.0
2021-03-07,75.0
2021-03-08,75.0
2021-03-09,75.0
2021-03-10,75.0
2021-03-11,75.0
2021-03-12,75.0
2021-03-13,75.0
2021-03-14,75.0
2021-03-15,75.0
2021-03-16,75.0
2021-03-17,75.0
2021-03-18,75.0
2021-03-19,75.0
2021-03-20,75.0
2021-03-21,75.0
2021-03-22,75.0
2021-03-23,75.0
2021-03-24,75.0
2021-03-25,75.0
2021-03-26,75.0
2021-03-27,75.0
2021-03-28,75.0
2021-03-29,75.0
2021-03-30,75.0
2021-03-31,75.0
2021-04-01,75.0
2021-04-02,75.0
2021-04-03,75.0
2021-04-04,75.0
2021-04-05,75.0
2021-04-06,75.0
2021-04-07,75.0
2021-04-08,75.0
2021-04-09,75.0
2021-04-10,75.0
2021-04-11,75.0
2021-04-12,75.0
2021-04-13,75.0
2021-04-14,75.0
2021-04-15,75.0
2021-04-16,75.0
2021-04-17,75.0
2021-04-18,75.0
2021-04-19,75.0
2021-04-20,75.0
2021-04-21,75.0
2021-04-22,75.0
2021-04-23,75.0
2021-04-24,75.0
2021-04-25,75.0
2021-04-26,75.0
2021-04-27,75.0
2021-04-28,75.0
2021-04-29,75.0
2021-04-30,75.0
2021-05-01,75.0
2021-05-02,75.0
2021-05-03,75.0
2021-05-04,75.0
2021-05-05,75.0
2021-05-06,75.0
2021-05-07,75.0
2021-05-08,75.0
2021-05-09,75.0
2021-05-10,75.0
2021-05-11,75.0
2021-05-12,75.0
2021-05-13,75.0
2021-05-14,75.0
2021-05-15,75.0
2021-05-16,75.0
2021-05-17,75.0
2021-05-18,75.0
2021-05-19,75.0
2021-05-20,75.0
2021-05-21,75.0
2021-05-22,75.0
2021-05-23,75.0
2021-05-24,75.0
2021-05-25,75.0
2021-05-26,75.0
2021-05-27,75.0
2021-05-28,75.0
2021-05-29,75.0
2021-05-30,75.0
2021-05-31,75.0
2021-06-01,75.0
2021-06-02,75.0
2021-06-03,75.0
2021-06-04,75.0
2021-06-05,75.0
2021-06-06,75.0
2021-06-07,75.0
2021-06-08,75.0
2021-06-09,75.0
2021-06-10,75.0
2021-06-11,75.0
2021-06-12,75.0
2021-06-13,75.0
2021-06-14,75.0
2021-06-15,75.0
2021-06-16,75.0
2021-06-17,75.0
2021-06-18,75.0
2021-06-19,75.0
2021-06-20,75.0
2021-06-21,75.0
2021-06-22,75.0
2021-06-23,75.0
2021-06-24,75.0
2021-06-25,75.0
2021-06-26,75.0
2021-06-27,75.0
2021-06-28,75.0
2021-06-29,75.0
2021-06-30,75.0
2021-07-01,75.0
2021-07-02,75.0
2021-07-03,75.0
2021-07-04,75.0
2021-07-05,75.0
2021-07-06,75.0
2021-07-07,75.0
2021-07-08,75.0
2021-07-09,75.0
2021-07-10,75.0
2021-07-11,75.0
2021-07-12,75.0
2021-07-13,75.0
2021-07-14,75.0
2021-07-15,75.0
2021-07-16,75.0
2021-07-17,75.0
2021-07-18,75.0
2021-07-19,75.0
2021-07-20,75.0
2021-07-21,75.0
2021-07-22,75.0
2021-07-23,75.0
2021-07-24,75.0
2021-07-25,75.0
2021-07-26,75.0
2021-07-27,75.0
2021-07-28,75.0
2021-07-29,75.0
2021-07-30,75.0
2021-07-31,75.0
2021-08-01,75.0
2021-08-02,75.0
2021-08-03,75.0
2021-08-04,75.0
2021-08-05,75.0
2021-08-06,75.0
2021-08-07,75.0
2021-08-08,75.0
2021-08-09,75.0
2021-08-10,75.0
2021-08-11,75.0
2021-08-12,75.0
2021-08-13,75.0
2021-08-14,75.0
2021-08-15,75.0
2021-08-16,81.5
2021-08-17,88.0
2021-08-18,83.5
2021-08-19,79.0
2021-08-20,79.0
2021-08-21,79.0
2021-08-22,79.0
2021-08-23,79.0
2021-08-24,79.0
2021-08-25,79.0
2021-08-26,79.0
2021-08-27,79.0
2021-08-28,79.0
2021-08-29,79.0
2021-08-30,79.0
2021-08-31,79.0
2021-09-01,79.0
2021-09-02,79.0
2021-09-03,79.0
2021-09-04,79.0
2021-09-05,79.0
2021-09-06,79.0
2021-09-07,79.0
2021-09-08,79.0
2021-09-09,79.0
2021-09-10,79.0
2021-09-11,79.0
2021-09-12,79.0
2021-09-13,79.0
2021-09-14,79.0
2021-09-15,79.0
2021-09-16,79.0
2021-09-17,79.0
2021-09-18,79.0
2021-09-19,79.0
2021-09-20,79.0
2021-09-21,79.0
2021-09-22,79.0
2021-09-23,79.0
2021-09-24,79.0
2021-09-25,79.0
2021-09-26,79.0
2021-09-27,79.0
2021-09-28,79.0
2021-09-29,79.0
2021-09-30,79.0
2021-10-01,79.0
2021-10-02,79.0
2021-10-03,79.0
2021-10-04,79.0
2021-10-05,79.0
2021-10-06,79.0
2021-10-07,79.0
2021-10-08,79.0
2021-10-09,79.0
2021-10-10,79.0
2021-10-11,79.0
2021-10-12,79.0
2021-10-13,79.0
2021-10-14,79.0
2021-10-15,79.0
2021-10-16,79.0
2021-10-17,79.0
2021-10-18,79.0
2021-10-19,79.0
2021-10-20,79.0
2021-10-21,79.0
2021-10-22,79.0
2021-10-23,79.0
2021-10-24,79.0
2021-10-25,79.0
2021-10-26,79.0
2021-10-27,79.0
2021-10-28,79.0
2021-10-29,79.0
2021-10-30,79.0
2021-10-31,79.0
2021-11-01,79.0
2021-11-02,79.0
2021-11-03,79.0
2021-11-04,79.0
2021-11-05,79.0
2021-11-06,79.0
2021-11-07,79.0
2021-11-08,79.0
2021-11-09,79.0
2021-11-10,79.0
2021-11-11,79.0
2021-11-12,79.0
2021-11-13,79.0
2021-11-14,79.0
2021-11-15,79.0
2021-11-16,79.0
2021-11-17,79.0
2021-11-18,79.0
2021-11-19,79.0
2021-11-20,79.0
2021-11-21,79.0
2021-11-22,79.0
2021-11-23,79.0
2021-11-24,79.0
2021-11-25,79.0
2021-11-26,79.0
2021-11-27,79.0
2021-11-28,79.0
2021-11-29,79.0
2021-11-30,79.0
2021-12-01,79.0
2021-12-02,79.0
2021-12-03,79.0
2021-12-04,79.0
2021-12-05,79.0
2021-12-06,79.0
2021-12-07,79.0
2021-12-08,79.0
2021-12-09,79.0
2021-12-10,79.0
2021-12-11,79.0
2021-12-12,79.0
2021-12-13,79.0
2021-12-14,79.0
2021-12-15,79.0
2021-12-16,79.0
2021-12-17,79.0
2021-12-18,79.0
2021-12-19,79.0
2021-12-20,79.0
2021-12-21,79.0
2021-12-22,79.0
2021-12-23,79.0
2021-12-24,79.0
2021-12-25,79.0
2021-12-26,79.0
2021-12-27,79.0
2021-12-28,79.0
2021-12-29,79.0
2021-12-30,79.0
2021-12-31,79.0
2022-01-01,86.1
2022-01-02,86.1
2022-01-03,86.1
2022-01-04,86.1
2022-01-05,86.1
2022-01-06,86.1
2022-01-07,86.1
2022-01-08,86.1
2022-01-09,86.1
2022-01-10,86.1
2022-01-11,86.1
2022-01-12,86.1
2022-01-13,86.1
2022-01-14,86.1
2022-01-15,86.1
2022-01-16,86.1
2022-01-17,86.1
2022-01-18,86.1
2022-01-19,86.1
2022-01-20,86.1
2022-01-21,86.1
2022-01-22,86.1
2022-01-23,86.1
2022-01-24,86.1
2022-01-25,86.1
2022-01-26,86.1
2022-01-27,86.1
2022-01-28,86.1
2022-01-29,86.1
2022-01-30,86.1
2022-01-31,86.1
2022-02-01,86.1
2022-02-02,86.1
2022-02-03,86.1
2022-02-04,86.1
2022-02-05,86.1
2022-02-06,86.1
2022-02-07,86.1
2022-02-08,86.1
2022-02-09,86.1
2022-02-10,86.1
2022-02-11,86.1
2022-02-12,86.1
2022-02-13,86.1
2022-02-14,86.1
2022-02-15,86.1
2022-02-16,86.1
2022-02-17,86.1
2022-02-18,86.1
2022-02-19,86.1
2022-02-20,86.1
2022-02-21,86.1
2022-02-22,86.1
2022-02-23,86.1
2022-02-24,86.1
2022-02-25,86.1
2022-02-26,86.1
2022-02-27,86.1
2022-02-28,86.1
2022-03-01,86.1
2022-03-02,86.1
2022-03-03,86.1
2022-03-04,86.1
2022-03-05,86.1
2022-03-06,86.1
2022-03-07,86.1
2022-03-08,86.1
2022-03-09,86.1
2022-03-10,86.1
2022-03-11,86.1
2022-03-12,86.1
2022-03-13,86.1
2022-03-14,86.1
2022-03-15,86.1
2022-03-16,86.1
2022-03-17,86.1
2022-03-18,86.1
2022-03-19,86.1
2022-03-20,86.1
2022-03-21,86.1
2022-03-22,86.1
2022-03-23,86.1
2022-03-24,86.1
2022-03-25,86.1
2022-03-26,86.1
2022-03-27,86.1
2022-03-28,86.1
2022-03-29,86.1
2022-03-30,86.1
2022-03-31,86.1
2022-04-01,86.1
2022-04-02,86.1
2022-04-03,86.1
2022-04-04,86.1
2022-04-05,86.1
2022-04-06,86.1
2022-04-07,86.1
2022-04-08,86.1
2022-04-09,86.1
2022-04-10,86.1
2022-04-11,86.1
2022-04-12,86.1
2022-04-13,86.1
2022-04-14,86.1
2022-04-15,86.1
2022-04-16,86.1
2022-04-17,86.1
2022-04-18,86.1
2022-04-19,86.1
2022-04-20,86.1
2022-04-21,86.1
2022-04-22,86.1
2022-04-23,86.1
2022-04-24,86.1
2022-04-25,86.1
2022-04-26,86.1
2022-04-27,86.1
2022-04-28,86.1
2022-04-29,86.1
2022-04-30,86.1
2022-05-01,86.1
2022-05-02,86.1
2022-05-03,86.1
2022-05-04,86.1
2022-05-05,86.1
2022-05-06,86.1
2022-05-07,86.1
2022-05-08,86.1
2022-05-09,86.1
2022-05-10,86.1
2022-05-11,86.1
2022-05-12,86.1
2022-05-13,86.1
2022-05-14,86.1
2022-05-15,86.1
2022-05-16,86.1
2022-05-17,86.1
2022-05-18,86.1
2022-05-19,86.1
2022-05-20,86.1
2022-05-21,86.1
2022-05-22,86.1
2022-05-23,86.1
2022-05-24,86.1
2022-05-25,86.1
2022-05-26,86.1
2022-05-27,86.1
2022-05-28,86.1
2022-05-29,86.1
2022-05-30,86.1
2022-05-31,86.1
2022-06-01,86.1
2022-06-02,86.1
2022-06-03,86.1
2022-06-04,86.1
2022-06-05,86.1
2022-06-06,86.1
2022-06-07,86.1
2022-06-08,86.1
2022-06-09,86.1
2022-06-10,86.1
2022-06-11,86.1
2022-06-12,86.1
2022-06-13,86.1
2022-06-14,86.1
2022-06-15,86.1
2022-06-16,86.1
2022-06-17,86.1
2022-06-18,86.1
2022-06-19,86.1
2022-06-20,86.1
2022-06-21,86.1
2022-06-22,86.1
2022-06-23,86.1
2022-06-24,86.1
2022-06-25,86.1
2022-06-26,86.1
2022-06-27,86.1
2022-06-28,86.1
2022-06-29,86.1
2022-06-30,86.1
2022-07-01,86.1
2022-07-02,86.1
2022-07-03,86.1
2022-07-04,86.1
2022-07-05,86.1
2022-07-06,86.1
2022-07-07,86.1
2022-07-08,86.1
2022-07-09,86.1
2022-07-10,86.1
2022-07-11,86.1
2022-07-12,86.1
2022-07-13,86.1
2022-07-14,86.1
2022-07-15,86.1
2022-07-16,86.1
2022-07-17,86.1
2022-07-18,86.1
2022-07-19,86.1
2022-07-20,86.1
2022-07-21,86.1
2022-07-22,86.1
2022-07-23,86.1
2022-07-24,86.1
2022-07-25,86.1
2022-07-26,86.1
2022-07-27,86.1
2022-07-28,86.1
2022-07-29,86.1
2022-07-30,86.1
2022-07-31,86.1
2022-08-01,86.1
2022-08-02,86.1
2022-08-03,86.1
2022-08-04,86.1
2022-08-05,86.1
2022-08-06,86.1
2022-08-07,86.1
2022-08-08,86.1
2022-08-09,86.1
2022-08-10,86.1
2022-08-11,86.1
2022-08-12,86.1
2022-08-13,86.1
2022-08-14,86.1
2022-08-15,86.1
2022-08-16,86.1
2022-08-17,86.1
2022-08-18,86.1
2022-08-19,86.1
2022-08-20,86.1
2022-08-21,86.1
2022-08-22,86.1
2022-08-23,86.1
2022-08-24,86.1
2022-08-25,86.1
2022-08-26,86.1
2022-08-27,86.1
2022-08-28,86.1
2022-08-29,86.1
2022-08-30,86.1
2022-08-31,86.1
2022-09-01,86.1
2022-09-02,86.1
2022-09-03,71.4
2022-09-04,58.9
2022-09-05,58.9
2022-09-06,58.9
2022-09-07,58.9
2022-09-08,58.9
2022-09-09,58.9
2022-09-10,58.9
2022-09-11,58.9
2022-09-12,58.9
2022-09-13,58.9
2022-09-14,58.9
2022-09-15,58.9
2022-09-16,58.9
2022-09-17,58.9
2022-09-18,58.9
2022-09-19,58.9
2022-09-20,58.9
2022-09-21,58.9
2022-09-22,58.9
2022-09-23,58.9
2022-09-24,58.9
2022-09-25,58.9
2022-09-26,58.9
2022-09-27,58.9
2022-09-28,58.9
2022-09-29,58.9
2022-09-30,58.9
2022-10-01,58.9
2022-10-02,58.9
2022-10-03,58.9
2022-10-04,58.9
2022-10-05,58.9
2022-10-06,58.9
2022-10-07,58.9
2022-10-08,58.9
2022-10-09,58.9
2022-10-10,58.9
2022-10-11,58.9
2022-10-12,58.9
2022-10-13,58.9
2022-10-14,58.9
2022-10-15,58.9
2022-10-16,58.9
2022-10-17,58.9
2022-10-18,58.9
2022-10-19,58.9
2022-10-20,58.9
2022-10-21,58.9
2022-10-22,58.9
2022-10-23,58.9
2022-10-24,58.9
2022-10-25,58.9
2022-10-26,58.9
2022-10-27,58.9
2022-10-28,58.9
2022-10-29,58.9
2022-10-30,58.9
2022-10-31,58.9
2022-11-01,58.9
2022-11-02,58.9
2022-11-03,58.9
2022-11-04,58.9
2022-11-05,58.9
2022-11-06,58.9
2022-11-07,58.9
2022-11-08,58.9
2022-11-09,58.9
2022-11-10,58.9
2022-11-11,58.9
2022-11-12,58.9
2022-11-13,58.9
2022-11-14,58.9
2022-11-15,58.9
2022-11-16,58.9
2022-11-17,58.9
2022-11-18,58.9
2022-11-19,58.9
2022-11-20,58.9
2022-11-21,58.9
2022-11-22,58.9
2022-11-23,58.9
2022-11-24,58.9
2022-11-25,58.9
2022-11-26,58.9
2022-11-27,58.9
2022-11-28,58.9
2022-11-29,58.9
2022-11-30,58.9
2022-12-01,58.9
2022-12-02,58.9
2022-12-03,58.9
2022-12-04,58.9
2022-12-05,58.9
2022-12-06,58.9
2022-12-07,58.9
2022-12-08,58.9
2022-12-09,58.9
2022-12-10,58.9
2022-12-11,58.9
2022-12-12,58.9
2022-12-13,58.9
2022-12-14,58.9
2022-12-15,58.9
2022-12-16,58.9
2022-12-17,58.9
2022-12-18,66.3
2022-12-19,75.9
2022-12-20,79.4
2022-12-21,81.9
2022-12-22,82.8
2022-12-23,82.8
2022-12-24,82.8
2022-12-25,82.8
2022-12-26,82.8
2022-12-27,82.8
2022-12-28,82.8
2022-12-29,82.8
2022-12-30,82.8
2022-12-31,82.8
2023-01-01,83.0
2023-01-02,83.0
2023-01-03,83.0
2023-01-04,83.0
2023-01-05,83.0
2023-01-06,83.0
2023-01-07,83.0
2023-01-08,83.0
2023-01-09,83.0
2023-01-10,83.0
2023-01-11,83.0
2023-01-12,83.0
2023-01-13,83.0
2023-01-14,83.0
2023-01-15,83.0
2023-01-16,83.0
2023-01-17,83.0
2023-01-18,83.0
2023-01-19,83.0
2023-01-20,83.0
2023-01-21,83.0
2023-01-22,83.0
2023-01-23,83.0
2023-01-24,83.0
2023-01-25,83.0
2023-01-26,83.0
2023-01-27,83.0
2023-01-28,83.0
2023-01-29,83.0
2023-01-30,83.0
2023-01-31,83.0
2023-02-01,83.0
2023-02-02,83.0
2023-02-03,83.0
2023-02-04,83.0
2023-02-05,83.0
2023-02-06,83.0
2023-02-07,83.0
2023-02-08,83.0
2023-02-09,83.0
2023-02-10,83.0
2023-02-11,83.0
2023-02-12,83.0
2023-02-13,83.0
2023-02-14,83.0
2023-02-15,83.0
2023-02-16,90.0
2023-02-17,90.0
2023-02-18,90.0
2023-02-19,90.0
2023-02-20,90.0
2023-02-21,90.0
2023-02-22,90.0
2023-02-23,90.0
2023-02-24,90.0
2023-02-25,90.0
2023-02-26,90.0
2023-02-27,90.0
2023-02-28,90.0
2023-03-01,90.0
2023-03-02,90.0
2023-03-03,90.0
2023-03-04,90.0
2023-03-05,90.0
2023-03-06,90.0
2023-03-07,90.0
2023-03-08,90.0
2023-03-09,90.0
2023-03-10,90.0
2023-03-11,90.0
2023-03-12,90.0
2023-03-13,90.0
2023-03-14,90.0
2023-03-15,90.0
2023-03-16,90.0
2023-03-17,90.0
2023-03-18,90.0
2023-03-19,90.0
2023-03-20,90.0
2023-03-21,90.0
2023-03-22,90.0
2023-03-23,90.0
2023-03-24,90.0
2023-03-25,90.0
2023-03-26,90.0
2023-03-27,90.0
2023-03-28,90.0
2023-03-29,90.0
2023-03-30,90.0
2023-03-31,90.0
2023-04-01,90.0
2023-04-02,90.0
2023-04-03,90.0
2023-04-04,90.0
2023-04-05,90.0
2023-04-06,90.0
2023-04-07,90.0
2023-04-08,90.0
2023-04-09,90.0
2023-04-10,90.0
2023-04-11,90.0
2023-04-12,90.0
2023-04-13,90.0
2023-04-14,90.0
2023-04-15,90.0
2023-04-16,90.0
2023-04-17,90.0
2023-04-18,90.0
2023-04-19,90.0
2023-04-20,90.0
2023-04-21,90.0
2023-04-22,90.0
2023-04-23,90.0
2023-04-24,90.0
2023-04-25,90.0
2023-04-26,90.0
2023-04-27,90.0
2023-04-28,90.0
2023-04-29,90.0
2023-04-30,90.0
2023-05-01,90.0
2023-05-02,90.0
2023-05-03,90.0
2023-05-04,90.0
2023-05-05,90.0
2023-05-06,90.0
2023-05-07,90.0
2023-05-08,90.0
2023-05-09,90.0
2023-05-10,90.0
2023-05-11,90.0
2023-05-12,90.0
2023-05-13,90.0
2023-05-14,90.0
2023-05-15,90.0
2023-05-16,90.0
2023-05-17,90.0
2023-05-18,90.0
2023-05-19,90.0
2023-05-20,90.0
2023-05-21,90.0
2023-05-22,90.0
2023-05-23,90.0
2023-05-24,90.0
2023-05-25,90.0
2023-05-26,90.0
2023-05-27,90.0
2023-05-28,90.0
2023-05-29,90.0
2023-05-30,90.0
2023-05-31,90.0
2023-06-01,90.0
2023-06-02,90.0
2023-06-03,90.0
2023-06-04,90.0
2023-06-05,90.0
2023-06-06,90.0
2023-06-07,90.0
2023-06-08,90.0
2023-06-09,90.0
2023-06-10,90.0
2023-06-11,90.0
2023-06-12,90.0
2023-06-13,90.0
2023-06-14,90.0
2023-06-15,90.0
2023-06-16,90.0
2023-06-17,90.0
2023-06-18,90.0
2023-06-19,90.0
2023-06-20,90.0
2023-06-21,90.0
2023-06-22,79.0
2023-06-23,79.0
2023-06-24,79.0
2023-06-25,79.0
2023-06-26,73.5
2023-06-27,73.5
2023-06-28,73.5
2023-06-29,73.5
2023-06-30,73.5
2023-07-01,73.5
2023-07-02,73.5
2023-07-03,73.5
2023-07-04,73.5
2023-07-05,73.5
2023-07-06,73.5
2023-07-07,73.5
2023-07-08,73.5
2023-07-09,73.5
2023-07-10,73.5
2023-07-11,73.5
2023-07-12,73.5
2023-07-13,73.5
2023-07-14,73.5
2023-07-15,73.5
2023-07-16,73.5
2023-07-17,73.5
2023-07-18,73.5
2023-07-19,73.5
2023-07-20,79.0
2023-07-21,79.0
2023-07-22,79.0
2023-07-23,79.0
2023-07-24,79.0
2023-07-25,79.0
2023-07-26,79.0
2023-07-27,79.0
2023-07-28,79.0
2023-07-29,79.0
2023-07-30,79.0
2023-07-31,79.0
2023-08-01,79.0
2023-08-02,79.0
2023-08-03,79.0
2023-08-04,79.0
2023-08-05,79.0
2023-08-06,79.0
2023-08-07,69.0
2023-08-08,69.0
2023-08-09,69.0
2023-08-10,69.0
2023-08-11,69.0
2023-08-12,69.0
2023-08-13,69.0
2023-08-14,69.0
2023-08-15,69.0
2023-08-16,69.0
2023-08-17,69.0
2023-08-18,69.0
2023-08-19,69.0
2023-08-20,69.0
2023-08-21,69.0
2023-08-22,69.0
2023-08-23,69.0
2023-08-24,69.0
2023-08-25,69.0
2023-08-26,69.0
2023-08-27,69.0
2023-08-28,69.0
2023-08-29,69.0
2023-08-30,69.0
2023-08-31,69.0
2023-09-01,69.0
2023-09-02,69.0
2023-09-03,69.0
2023-09-04,69.0
2023-09-05,69.0
2023-09-06,69.0
2023-09-07,69.0
2023-09-08,69.0
2023-09-09,69.0
2023-09-10,69.0
2023-09-11,69.0
2023-09-12,69.0
2023-09-13,69.0
2023-09-14,69.0
2023-09-15,69.0
2023-09-16,69.0
2023-09-17,69.0
2023-09-18,69.0
2023-09-19,69.0
2023-09-20,69.0
2023-09-21,69.0
2023-09-22,69.0
2023-09-23,69.0
2023-09-24,69.0
2023-09-25,69.0
2023-09-26,69.0
2023-09-27,69.0
2023-09-28,69.0
2023-09-29,69.0
2023-09-30,69.0
2023-10-01,69.0
2023-10-02,69.0
2023-10-03,69.0
2023-10-04,69.0
2023-10-05,69.0
2023-10-06,69.0
2023-10-07,69.0
2023-10-08,69.0
2023-10-09,69.0
2023-10-10,69.0
2023-10-11,69.0
2023-10-12,69.0
2023-10-13,69.0
2023-10-14,69.0
2023-10-15,69.0
2023-10-16,69.0
2023-10-17,69.0
2023-10-18,69.0
2023-10-19,69.0
2023-10-20,69.0
2023-10-21,69.0
2023-10-22,69.0
2023-10-23,69.0
2023-10-24,69.0
2023-10-25,69.0
2023-10-26,69.0
2023-10-27,69.0
2023-10-28,69.0
2023-10-29,69.0
2023-10-30,69.0
2023-10-31,69.0
2023-11-01,69.0
2023-11-02,69.0
2023-11-03,69.0
2023-11-04,69.0
2023-11-05,69.0
2023-11-06,69.0
2023-11-07,69.0
2023-11-08,69.0
2023-11-09,69.0
2023-11-10,69.0
2023-11-11,69.0
2023-11-12,69.0
2023-11-13,69.0
2023-11-14,69.0
2023-11-15,69.0
2023-11-16,69.0
2023-11-17,69.0
2023-11-18,69.0
2023-11-19,69.0
2023-11-20,69.0
2023-11-21,69.0
2023-11-22,69.0
2023-11-23,69.0
2023-11-24,69.0
2023-11-25,69.0
2023-11-26,69.0
2023-11-27,69.0
2023-11-28,69.0
2023-11-29,69.0
2023-11-30,69.0
2023-12-01,69.0
2023-12-02,69.0
2023-12-03,69.0
2023-12-04,69.0
2023-12-05,69.0
2023-12-06,69.0
2023-12-07,69.0
2023-12-08,69.0
2023-12-09,69.0
2023-12-10,69.0
2023-12-11,69.0
2023-12-12,69.0
2023-12-13,69.0
2023-12-14,69.0
2023-12-15,69.0
2023-12-16,69.0
2023-12-17,69.0
2023-12-18,69.0
2023-12-19,69.0
2023-12-20,69.0
2023-12-21,69.0
2023-12-22,69.0
2023-12-23,69.0
2023-12-24,69.0
2023-12-25,69.0
2023-12-26,69.0
2023-12-27,69.0
2023-12-28,69.0
2023-12-29,69.0
2023-12-30,69.0
2023-12-31,69.0
2024-01-01,69.0
2024-01-02,69.0
2024-01-03,69.0
2024-01-04,69.0
2024-01-05,69.0
2024-01-06,69.0
2024-01-07,69.0
2024-01-08,69.0
2024-01-09,69.0
2024-01-10,69.0
2024-01-11,69.0
2024-01-12,69.0
2024-01-13,69.0
2024-01-14,69.0
2024-01-15,69.0
2024-01-16,69.0
2024-01-17,69.0
2024-01-18,69.0
2024-01-19,69.0
2024-01-20,69.0
2024-01-21,69.0
2024-01-22,69.0
2024-01-23,69.0
2024-01-24,69.0
2024-01-25,69.0
2024-01-26,69.0
2024-01-27,69.0
2024-01-28,69.0
2024-01-29,69.0
2024-01-30,69.0
2024-01-31,69.0
2024-02-01,69.0
2024-02-02,69.0
2024-02-03,69.0
2024-02-04,69.0
2024-02-05,69.0
2024-02-06,69.0
2024-02-07,69.0
2024-02-08,69.0
2024-02-09,69.0
2024-02-10,69.0
2024-02-11,69.0
2024-02-12,69.0
2024-02-13,69.0
2024-02-14,69.0
2024-02-15,69.0
2024-02-16,69.0
2024-02-17,69.0
2024-02-18,69.0
2024-02-19,69.0
2024-02-20,69.0
2024-02-21,69.0
2024-02-22,69.0
2024-02-23,69.0
2024-02-24,69.0
2024-02-25,69.0
2024-02-26,69.0
2024-02-27,69.0
2024-02-28,69.0
2024-02-29,69.0
2024-03-01,69.0
2024-03-02,69.0
2024-03-03,69.0
2024-03-04,69.0
2024-03-05,69.0
2024-03-06,69.0
2024-03-07,69.0
2024-03-08,69.0
2024-03-09,69.0
2024-03-10,69.0
2024-03-11,69.0
2024-03-12,69.0
2024-03-13,69.0
2024-03-14,69.0
2024-03-15,69.0
2024-03-16,69.0
2024-03-17,69.0
2024-03-18,69.0
2024-03-19,69.0
2024-03-20,69.0
2024-03-21,69.0
2024-03-22,69.0
2024-03-23,69.0
2024-03-24,69.0
2024-03-25,69.0
2024-03-26,69.0
2024-03-27,69.0
2024-03-28,69.0
2024-03-29,69.0
2024-03-30,69.0
2024-03-31,69.0
2024-04-01,69.0
2024-04-02,69.0
2024-04-03,69.0
2024-04-04,69.0
2024-04-05,69.0
2024-04-06,69.0
2024-04-07,69.0
2024-04-08,69.0
2024-04-09,69.0
2024-04-10,69.0
2024-04-11,69.0
2024-04-12,69.0
2024-04-13,69.0
2024-04-14,69.0
2024-04-15,69.0
2024-04-16,69.0
2024-04-17,69.0
2024-04-18,69.0
2024-04-19,69.0
2024-04-20,69.0
2024-04-21,69.0
2024-04-22,69.0
2024-04-23,69.0
2024-04-24,69.0
2024-04-25,69.0
2024-04-26,69.0
2024-04-27,69.0
2024-04-28,69.0
2024-04-29,69.0
2024-04-30,69.0
2024-05-01,69.0
2024-05-02,69.0
2024-05-03,69.0
2024-05-04,69.0
2024-05-05,69.0
2024-05-06,69.0
2024-05-07,69.0
2024-05-08,69.0
2024-05-09,69.0
2024-05-10,69.0
2024-05-11,69.0
2024-05-12,69.0
2024-05-13,69.0
2024-05-14,69.0
2024-05-15,69.0
2024-05-16,69.0
2024-05-17,69.0
2024-05-18,69.0
2024-05-19,69.0
2024-05-20,69.0
2024-05-21,69.0
2024-05-22,69.0
2024-05-23,69.0
2024-05-24,69.0
2024-05-25,69.0
2024-05-26,69.0
2024-05-27,69.0
2024-05-28,69.0
2024-05-29,69.0
2024-05-30,69.0
2024-05-31,69.0
2024-06-01,69.0
2024-06-02,69.0
2024-06-03,69.0
2024-06-04,69.0
2024-06-05,69.0
2024-06-06,69.0
2024-06-07,69.0
2024-06-08,69.0
2024-06-09,69.0
2024-06-10,69.0
2024-06-11,69.0
2024-06-12,69.0
2024-06-13,69.0
2024-06-14,69.0
2024-06-15,69.0
2024-06-16,69.0
2024-06-17,69.0
2024-06-18,69.0
2024-06-19,69.0
2024-06-20,69.0
2024-06-21,69.0
2024-06-22,69.0
2024-06-23,69.0
2024-06-24,69.0
2024-06-25,69.0
2024-06-26,69.0
2024-06-27,69.0
2024-06-28,69.0
2024-06-29,69.0
2024-06-30,69.0
2024-07-01,69.0
2024-07-02,69.0
2024-07-03,69.0
2024-07-04,69.0
2024-07-05,69.0
2024-07-06,69.0
2024-07-07,69.0
2024-07-08,69.0
2024-07-09,69.0
2024-07-10,69.0
2024-07-11,69.0
2024-07-12,69.0
2024-07-13,69.0
2024-07-14,69.0
2024-07-15,69.0
2024-07-16,69.0
2024-07-17,69.0
2024-07-18,69.0
2024-07-19,69.0
2024-07-20,69.0
2024-07-21,69.0
2024-07-22,69.0
2024-07-23,69.0
2024-07-24,69.0
2024-07-25,69.0
2024-07-26,69.0
2024-07-27,69.0
2024-07-28,69.0
2024-07-29,69.0
2024-07-30,69.0
2024-07-31,69.0
2024-08-01,69.0
2024-08-02,69.0
2024-08-03,69.0
2024-08-04,69.0
2024-08-05,69.0
2024-08-06,69.0
2024-08-07,69.0
2024-08-08,69.0
2024-08-09,69.0
2024-08-10,69.0
2024-08-11,69.0
2024-08-12,69.0
2024-08-13,69.0
2024-08-14,69.0
2024-08-15,69.0
2024-08-16,69.0
2024-08-17,69.0
2024-08-18,69.0
2024-08-19,69.0
2024-08-20,69.0
2024-08-21,69.0
2024-08-22,69.0
2024-08-23,69.0
2024-08-24,69.0
2024-08-25,69.0
2024-08-26,69.0
2024-08-27,69.0
2024-08-28,69.0
2024-08-29,69.0
2024-08-30,69.0
2024-08-31,69.0
2024-09-01,69.0
2024-09-02,69.0
2024-09-03,69.0
2024-09-04,69.0
2024-09-05,69.0
2024-09-06,69.0
2024-09-07,69.0
2024-09-08,69.0
2024-09-09,69.0
2024-09-10,69.0
2024-09-11,69.0
2024-09-12,69.0
2024-09-13,69.0
2024-09-14,69.0
2024-09-15,69.0
2024-09-16,69.0
2024-09-17,69.0
2024-09-18,69.0
2024-09-19,69.0
2024-09-20,69.0
2024-09-21,69.0
2024-09-22,69.0
2024-09-23,73.0
2024-09-24,73.0
2024-09-25,73.0
2024-09-26,73.0
2024-09-27,73.0
2024-09-28,73.0
2024-09-29,73.0
2024-09-30,73.0
2024-10-01,73.0
2024-10-02,73.0
2024-10-03,73.0
2024-10-04,73.0
2024-10-05,73.0
2024-10-06,73.0
2024-10-07,73.0
2024-10-08,73.0
2024-10-09,73.0
2024-10-10,73.0
2024-10-11,73.0
2024-10-12,73.0
2024-10-13,73.0
2024-10-14,73.0
2024-10-15,73.0
2024-10-16,73.0
2024-10-17,73.0
2024-10-18,73.0
2024-10-19,73.0
2024-10-20,73.0
2024-10-21,73.0
2024-10-22,73.0
2024-10-23,73.0
